Job Board Name,URL Slug,Website URL,Category,Pricing,Free Trial Available,Short Description,Pros,Cons,Best Suited For,Best Suited For (Card),Search Keywords,Full Overview,Logo URL
Accounting Jobs Today,accounting-jobs-today,https://www.accountingjobstoday.com,Finance & Accounting,"FREE SERVICES Free Resume Review – $0 → Confidential review by a resume expert. Includes style/organization check, writing/mechanics review, and ATS optimization analysis. RESUME WRITING PACKAGES Professional Growth – $149 → Industry‑expert written resume, employer‑ready formatting, ATS keyword optimization. Career Evolution – $219 → Resume + Cover Letter. Same as above, plus a professionally written cover letter and a 60‑day interview guarantee. Career Confidence – $349 → Resume + Cover Letter + LinkedIn Profile Makeover. Written by a Top 10% Executive writer, includes 60‑day interview guarantee. Executive Priority – $699 → Everything in Career Confidence, plus: written by a Top 1% Exceptional writer, work directly via email or phone, unlimited revisions, 2‑day expedited delivery, dedicated account manager, and 2 interview prep sessions. INTERVIEW PREP SESSIONS (via TopInterview) Essential Prep – $149 → 1 session: elevator pitch, session notes, custom action plan. Standard Prep – $249 → 2 sessions: same as above, plus unstructured interview practice and salary negotiation discussion. Professional Prep – $349 → 3 sessions: same as above, plus behavioral interview practice. Note: These are premium add‑on services. Browsing jobs, creating a profile, and applying are all free. || Single Job Postings 30-Day Single Post — $259 15-Day Single Post — $159 30-Day Post + Resume Bundle — $369 (includes 30-day unlimited resume contacts) 30-Day Accounting & Finance Network — $709 (distributed across full vertical network) Job Posting Credits (valid 365 days) 3 Posts — $619 4 Posts — $829 5 Posts — $969 Unlimited Posting Plans 6 Months Unlimited — $5,750 1 Year Unlimited — $10,500 Resume Search Pay-Per-Prospect — $49 per contact (only charged if candidate responds) 30-Day Unlimited Resume Access — $399 Banner Advertising 30 Days — $595 90 Days — $1,400 6 Months — $2,500 Staffing firms: contact for multi-branch rates. Advertising agencies receive 15% discount.",not_sure,"AccountingJobsToday is a niche job board dedicated to accounting, tax, audit, finance, and CPA roles, offering targeted listings for CPAs, bookkeepers, controllers, and finance professionals.","Pure accounting and finance focus – No irrelevant listings; every job is related to accounting, tax, audit, or finance.|Covers all seniority levels – From staff accountants and bookkeepers to controllers, CFOs, and partners at CPA firms.|Specialty filtering – Listings include tax, audit, forensic accounting, compliance, financial analysis, and more.|Free for candidates – No paywall or premium tier to browse and apply.|Good for niche finance hiring – Ideal for CPA firms and finance departments that want targeted exposure.","Limited volume compared to big boards – Not as many listings as Indeed or LinkedIn, but the ones present are highly relevant.|Pricing is opaque – No public rate card; employers must contact sales for quotes.|US‑centric – Majority of listings focus on US roles; limited international coverage.|Fewer advanced tools – No built‑in ATS or AI matching features; it's primarily a job listing and discovery platform.","Accounting Job Board, Tax Accountant Jobs, CPA Jobs, Audit Jobs, Finance Jobs, Bookkeeper Jobs, Controller Jobs, CFO Jobs, Financial Analyst Jobs, Forensic Accounting Jobs, Tax Preparation Jobs, Internal Audit Jobs, Niche Accounting Careers, US Accounting Jobs, Finance And Accounting Hiring",,,"AccountingJobsToday is a specialized job board focused entirely on accounting and finance careers. It's designed for CPAs, auditors, tax specialists, controllers, CFOs, bookkeepers, and finance professionals at all levels — from entry-level staff accountants to C‑suite executives. If you're hiring or looking for roles in this space, it's a more targeted alternative to general boards like Indeed or LinkedIn where accounting jobs can get lost in the noise. For job seekers, AccountingJobsToday is valuable if you want to browse only relevant finance and accounting openings without sifting through unrelated roles. Listings span public accounting firms, corporate finance departments, government agencies, nonprofits, and consulting firms. Job types include full‑time, part‑time, temporary, contract, and remote positions. The site covers specialties like tax accounting, forensic accounting, internal audit, financial analysis, budgeting, and compliance — making it useful for candidates across the full spectrum of finance careers. For employers and staffing agencies, AccountingJobsToday provides a direct line to a concentrated audience of finance professionals. Instead of paying for broad exposure on general boards, you reach candidates who are specifically looking for accounting roles. The platform is ideal for CPA firms needing experienced auditors, corporations hiring controllers or staff accountants, and finance teams looking for analysts or finance managers. Because the audience is niche, you tend to see fewer unqualified applications compared to generic job boards. In practice, from a recruitment standpoint, AccountingJobsToday is a strong choice when your hiring needs are specifically in accounting, tax, audit, or finance — especially if you're a CPA firm, mid‑market corporation, or finance staffing agency. It's less useful for broader business roles or non‑finance positions, where larger boards perform better.",https://ksfidkucspvcnicgjykt.supabase.co/storage/v1/object/public/uploads/logos/d3fb7c31-e4d8-4f11-a701-8f8b02f5faf6.jpg
AlliedHealthJobCafe,alliedhealthjobcafe,https://www.alliedhealthjobcafe.com,Healthcare,"Free. Profile creation, CV upload, job search, job alerts, and applications all cost nothing. || Pricing is not publicly listed.",not_sure,"AlliedHealthJobCafe (by MedJobCafe network) is a niche job board for allied health professionals- physical therapists, occupational therapists, social workers, radiologists, respiratory therapists.","Highly targeted allied health audience – Every listing is relevant to allied health roles; no general healthcare noise.|Free for candidates – No fees for browsing, applying, or uploading a CV.|Network distribution – Jobs are marketed across thousands of partner healthcare specialty sites via the MedJobCafe family.|Built‑in ATS included – Manage applications, screening, and hiring pipelines without separate software.|Affordable positioning – Reviews note it as ""less expensive"" compared to larger boards while delivering faster responses.|​|Resume database for employers – Active employers search CVs daily; uploading a CV increases discoverability.","Pricing is not transparent – Employers must contact sales for quotes; no public rate card.|Limited to allied health only – Not useful for physicians, nurses, or general healthcare roles (those have separate MedJobCafe sites).|Smaller overall volume – Around 30,000 applicants across the network; less reach than major general healthcare boards.|No automated candidate matching – Unlike AI‑powered platforms, you manually search and screen candidates.","Allied Health Job Board, Physical Therapist Jobs, Occupational Therapist Jobs, Social Worker Jobs, Mental Health Counselor Jobs, Radiologist Jobs, Respiratory Therapist Jobs, Athletic Trainer Jobs, Healthcare Resume Database, Built-In ATS, Job Distribution Network, MedJobCafe Network, Allied Health Staffing, US Allied Health Jobs, Niche Healthcare Job Board",,,"AlliedHealthJobCafe.com is a specialized healthcare job board focused exclusively on allied health professions. It is part of the MedJobCafe.com family of sites, which have been operating since 2007. The platform connects allied health professionals — including physical therapists, athletic trainers, occupational therapists, social workers, mental health counselors, radiologists, and respiratory therapists — with employers, hospitals, clinics, and staffing agencies. For job seekers, the site is completely free. You can register a profile, upload your CV, search jobs by specialty and location, and create unlimited job alerts — all at no cost. The platform reportedly draws around 500,000 monthly visitors and processes around 30,000 applicants across the network, making it a meaningful source for allied health hiring. Your CV is also visible to employers who actively search the resume database, so you can get discovered even without applying.​ For employers and staffing agencies, AlliedHealthJobCafe offers job posting, resume database search, built‑in ATS, and candidate screening tools. Jobs are distributed to thousands of partner sites across the MedJobCafe network, which includes DocCafe.com (physician roles), MedJobCafe.com (general healthcare), and other specialty healthcare job boards. The built‑in ATS lets you manage the full hiring pipeline — from application to hire — without needing separate software. The platform is especially valuable for physical therapy, occupational therapy, and allied health staffing firms that need a focused audience rather than general healthcare noise.​ In practice, from a recruitment standpoint, AlliedHealthJobCafe is a strong niche board when you're hiring allied health professionals specifically. It's less useful if you need physicians (use DocCafe), nurses (use other nursing boards), or general healthcare roles (use MedJobCafe directly). It's part of a broader network strategy — you can reach multiple specialty audiences through one buy on the MedJobCafe family.",https://ksfidkucspvcnicgjykt.supabase.co/storage/v1/object/public/uploads/logos/7c0d02de-925f-42c9-8e36-e285c17211e1.jpg
AlliedTravelCareers,alliedtravelcareers,https://www.alliedtravelcareers.com/,Healthcare,"Completely free to use Access to job search, recruiter comparisons, and agency insights || No publicly available pricing Operates as a marketplace/lead generation platform for staffing agencies Pricing and partnerships are typically handled via direct sales engagement Limited pricing transparency may make it harder for agencies to compare ROI with other job boards.",no,"AlliedTravelCareers is a U.S.-focused job board that aggregates travel allied health and therapy jobs from multiple staffing agencies, helping clinicians compare pay, locations, and contracts in one p","Strong niche focus on travel therapy and allied health jobs|Aggregates jobs from multiple agencies → saves time and increases visibility|Enables side-by-side comparison of pay, location, and benefits|Includes 98,000+ travel therapy assignments, offering a wide range of opportunities|Unique recruiter directory with reviews, improving transparency and trust|Advanced filters tailored for travel clinicians (pay, location, contract length, etc.)|Educational content and agency insights for better decision-making","No transparent pricing for employers or staffing agencies|Primarily focused on travel therapy roles, limiting use for permanent hiring|Candidate experience depends on the staffing agency, not the platform itself|While job volume is high, overall traffic, user base size, and candidate activity are not publicly disclosed|Not suitable for direct employers looking for full-cycle hiring solutions","Travel Therapy Jobs, Travel Allied Health Jobs, Travel Physical Therapist Jobs, Travel Occupational Therapist Jobs, Travel Speech Language Pathologist Jobs, Travel Therapy Contracts, Allied Health Travel Assignments",,Travel Physical Therapist Jobs|Travel PT Jobs|Travel Occupational Therapist Jobs|Travel OT Jobs|Travel Speech Language Pathologist Jobs|Travel SLP Jobs|Travel Physical Therapist Assistant Jobs|Travel PTA Jobs|Travel Certified Occupational Therapy Assistant Jobs|Travel COTA Jobs|Travel Therapy Jobs USA|High Paying Travel Therapy Jobs|13 Week Travel Therapy Contracts|Travel Rehab Therapy Jobs|SNF Travel Therapy Jobs|Outpatient Travel Therapy Jobs|Home Health Travel Therapy Jobs,"AlliedTravelCareers is a niche healthcare job board specializing in travel allied health and travel therapy jobs in the United States. Unlike traditional job boards, it operates as a job aggregator marketplace, collecting job listings from multiple healthcare staffing agencies into a single platform. The platform primarily focuses on high-demand rehab and therapy roles, including Physical Therapists (PT), Occupational Therapists (OT), Speech Language Pathologists (SLP), PT Assistants (PTA), and COTAs, along with other allied health professionals working short-term travel assignments across hospitals, skilled nursing facilities (SNFs), home health, and outpatient settings. One of its key strengths is the ability to compare opportunities across multiple agencies, including estimated weekly pay, location, and benefits—helping clinicians make faster and more informed decisions. In addition to job listings, AlliedTravelCareers also offers a recruiter directory with ratings and reviews, allowing candidates to evaluate and choose recruiters based on real feedback. This adds a layer of transparency rarely seen in healthcare job boards and helps job seekers select not just the right job, but the right staffing partner. The platform also includes agency profiles, FAQs, and educational content, making it a useful resource for clinicians exploring or transitioning into travel healthcare careers. Explore more healthcare job boards here: Healthcare Job Boards",https://ksfidkucspvcnicgjykt.supabase.co/storage/v1/object/public/uploads/logos/62ec6558-6f9b-4607-8278-de6b5a8b9512.jpg
Authentic Jobs,authentic-jobs,https://www.authenticjobs.com,Technology & Engineering,"100% free. Browse, search, and apply at no cost. || Job Posting Plans (30‑day subscription, renews monthly, cancel anytime) Standard Job Listing – $149/month → Basic job post with standard visibility Featured Job Listing – $199/month → Enhanced visibility, highlighted placement",not_sure,"Authentic Jobs is a long‑standing niche job board for designers, developers, and creative tech professionals, offering simple job posting plans with transparent pricing since 2005.","Focused creative tech audience – Every job is relevant to designers, developers, and creative pros; no irrelevant corporate noise.|Simple and transparent pricing – No hidden fees, no sales calls, no confusing tiers. Two clear plans at $149 and $199/month.|Free for candidates – No paywall, no account required to browse and apply.|Discounts for nonprofits and schools – Rare feature among job boards; shows community‑minded positioning.|Cancel anytime – Subscription‑based, not locked into long contracts.|Established reputation – Operating since 2005; trusted by design and dev teams for nearly two decades.","No resume database – Employers cannot proactively search for candidates; you rely on inbound applications only.|No built‑in ATS – You manage applications externally; no pipeline tracking on the platform itself.|Moderate volume – Around 5,000 design jobs per month; less traffic than major tech boards.|No free trial – Employers cannot test the platform before paying for a listing.","Design Job Board, Developer Jobs, UI UX Designer Jobs, Web Designer Jobs, Creative Tech Jobs, Front-End Developer Jobs, Full-Stack Developer Jobs, Product Designer Jobs, Niche Tech Job Board, Subscription Job Posting, Nonprofit Discounts, Remote Design Jobs, Startup Hiring, Creative Studio Hiring",,,"Authentic Jobs is a specialized job board for creative and tech professionals — specifically designers, developers, and creative pros. It has been operating since 2005, making it one of the more established niche boards in the design and development space. The site attracts a focused audience of people who work in web design, UI/UX, front‑end and full‑stack development, product design, and related creative tech roles.​ For job seekers, Authentic Jobs is completely free. You can browse listings, filter by role type (design, development, other), location, remote options, and job category without paying anything or creating an account. The board processes around 5,000 design job postings per month, so the volume is moderate but the quality and relevance are high. There's no resume database or candidate profile system — it's a straightforward ""see a job, apply directly"" model.​ For employers and staffing agencies, Authentic Jobs offers simple, transparent subscription‑based job postings. You choose between a Standard listing or a Featured listing, each valid for 30 days. The platform is particularly well‑suited for design agencies, startups, tech companies, and creative studios hiring for web/UI/UX design, front‑end development, or creative engineering roles. They also offer optional extras to boost visibility, and notably provide discounts for nonprofits and educational institutions — a feature many competitors lack. In practice, from a recruitment standpoint, Authentic Jobs is a solid choice when you need designers, developers, or creative tech talent and want to avoid the noise of general tech boards like Dice or broad platforms like Indeed. It's not built for enterprise hiring at scale or non‑tech roles — its strength is its focused, curated audience of creative professionals who visit specifically for design and dev jobs.",https://ksfidkucspvcnicgjykt.supabase.co/storage/v1/object/public/uploads/logos/ae3e8ab7-068f-46bf-a2a8-1f986edfbf92.png
Behance Jobs,behance-jobs,https://www.behance.net/joblist,Creative & Media,Free for Job Seekers. || Free Plan: Full access to portfolio creation and browsing Adobe Creative Cloud (Optional): Paid plans starting ~$20/month (not required for Behance use),yes,"Behance is a leading creative portfolio platform by Adobe where designers showcase work, discover talent, and connect with employers worldwide.",Strong global brand backed by Adobe|Free to use for portfolio creation|High visibility for creative professionals|Integrated with Adobe Creative Cloud|Large community and networking opportunities|Easy-to-use interface for showcasing projects,Highly competitive (hard to stand out)|Limited customization compared to personal websites|Not suitable for non-creative roles|Algorithm-driven visibility|Limited direct control over audience reach,"creative portfolio, design platform, UI UX showcase, freelance designers, Adobe platform, creative jobs, online portfolio, graphic design community, talent discovery, digital art showcase",,,"Behance is a globally recognized creative portfolio platform owned by Adobe, designed for designers, artists, photographers, and creative professionals to showcase their work and build an online presence. It serves as a hub where creatives can display projects, gain visibility, and connect with potential employers, clients, and collaborators. The platform allows users to create visually rich portfolios, organize projects, and share their work across a large creative community. Behance is widely used by freelancers, agencies, and companies to discover talent across industries such as graphic design, UI/UX, illustration, photography, and motion graphics. One of Behance’s key strengths is its integration with Adobe Creative Cloud, enabling seamless project uploads and efficient workflows for users already working within Adobe tools. Additionally, Behance offers features like job listings, live streams, and curated galleries, helping creatives stay updated with industry trends and opportunities. For job seekers, Behance acts as both a portfolio and talent discovery platform, while for employers, it provides access to a large, global pool of creative professionals. Its strong association with Adobe and global reach make it one of the most trusted platforms for showcasing creative work online.",https://ksfidkucspvcnicgjykt.supabase.co/storage/v1/object/public/uploads/logos/b117aa14-42fb-4ce9-bf87-8af3732ed329.jpg
BioSpace,biospace,https://www.biospace.com,Science & Research,"100% free. Browse jobs, read career advice, access salary reports, and subscribe to Career Insider at no cost. || BioSpace – Employer Pricing (30‑day job posts) SINGLE JOB POSTINGS Basic – Single Job: $415 Basic – 5‑Pack: $1,875 (5 jobs) Basic – 10‑Pack: $3,600 (10 jobs) Premium – Single Job: $490 Premium – 5‑Pack: $2,220 (5 jobs) Premium – 10‑Pack: $4,250 (10 jobs) UNLIMITED JOBS (Monthly Subscription) Unlimited US job postings, automated career site scraping, daily auto‑post/renew/remove, dedicated account manager, cancel anytime with 30 days notice. No set‑up fees. Contact sales for pricing. FEATURED EMPLOYER (Comprehensive Recruitment Marketing) Includes unlimited job postings, regular reporting and insights, branded company profile page, digital Hotbed Map placement, and free advertising products. Contact sales for custom pricing. ADDITIONAL ADVERTISING OPTIONS Sponsored emails, web display ads, social media campaigns, Hotbed Map regional campaigns, company profile pages. All custom pricing — contact BioSpace for a quote.",no,"Leading digital hub for life sciences news and careers, combining biopharma industry news with a targeted job board for pharma, biotech, clinical research, and medical device professionals.","Industry‑leading authority — Over 30 years as the trusted voice for biopharma news and careers; Hotbed Maps seen by 2 million+ viewers annually.|​|Highly targeted life sciences audience — Every reader and job seeker is in biotech, pharma, clinical research, or medical devices.|Rich career content beyond jobs — Salary reports, employment outlooks, DEIB studies, hiring trend webinars, and weekly Career Insider newsletter.|Flexible employer plans — Single posts, bulk packs, unlimited monthly subscriptions, and full recruitment marketing solutions.|Resume database access — Employers can proactively search for candidates by specialty and location.|Automated job posting — Unlimited plans include daily scraping of your career site for auto‑posting and auto‑renewal.|Company profile pages — Build employer brand with a dedicated page on BioSpace.","Pricing is on the higher end — Single posts start at $415, making it less accessible for very small biotechs or startups on tight budgets.|No free job posting option — Unlike some competitors, every job post requires payment; no trial or free tier for employers.|​|Niche only — Not useful for general healthcare, nursing, or non‑life‑sciences roles.|Additional advertising priced separately — Sponsored emails, Hotbed placement, and display ads require custom quotes.","Life Sciences Job Board, Biotech Jobs, Pharmaceutical Jobs, Clinical Research Jobs, Medical Device Jobs, Biopharma Hiring, Drug Development Careers, Regulatory Affairs Jobs, Clinical Operations Jobs, CRO Jobs, R And D Jobs, Biotech Sales Jobs, Medical Affairs Jobs, Hotbed Map Branding, US Life Sciences Careers",,,"BioSpace is the premier platform for life sciences professionals — combining daily biopharma news, industry reports, salary data, and a specialized job board all in one place. It's been the go‑to resource for biotech, pharmaceutical, clinical research, medical device, and life sciences talent for over 30 years. With its iconic Hotbed Maps highlighting major life sciences hubs across the US, BioSpace has built deep credibility and a loyal audience in the sector. For job seekers, BioSpace offers much more than just job listings. You get free access to career advice, quarterly job market reports, biopharma salary data, diversity reports, and hiring trend webinars — all specifically for life sciences careers. Job seekers can browse roles across R&D, clinical operations, regulatory affairs, manufacturing, sales, medical affairs, and C‑suite positions at biotech startups, big pharma, CROs, and medical device companies. The platform also features a Career Insider newsletter with weekly job tips and market insights delivered to your inbox. For employers and staffing agencies, BioSpace offers a full suite of Talent Solutions — from single job postings to unlimited monthly plans with automated career site scraping, resume database access, company profile pages, Hotbed Map placement for employer branding, sponsored emails, and recruitment marketing campaigns. BioSpace also publishes employer resources including the annual Employment Outlook report, US Life Sciences Salary Report, and DEIB studies — giving hiring leaders data‑driven insights into workforce trends. In practice, from a recruitment standpoint, BioSpace is the top choice for biotech, pharma, and life sciences hiring where reaching a specialized, engaged audience matters more than volume. It's particularly strong for roles in Boston, San Francisco, San Diego, Research Triangle Park, and other major biopharma hubs. It's not designed for general healthcare, nursing, or non‑life‑sciences roles — its focus is narrow but deep.",https://ksfidkucspvcnicgjykt.supabase.co/storage/v1/object/public/uploads/logos/0eaa692e-6e30-4d82-8d22-d86a6fa38856.jpg
BluePipes,bluepipes,https://www.bluepipes.com,Healthcare,"All services — Free (Profile creation, resume builder, skills checklists, credential storage, pay calculator, job search & apply, blog/resources) || Free Recruiter Account — $0 (join, claim company page, view public profiles) Job Posting — $5 per posting Recruitment Subscription — Contact for pricing (includes Advanced Search, BlueMail messaging, connection requests) Custom Recruitment Packages — Contact for pricing",not_sure,"Travel healthcare professional network and job board. Covers nursing, therapy, and allied health.","Completely free for candidates — no premium tiers or hidden fees for job seekers|Universal Profile Builder creates healthcare-specific resumes and full job applications|100+ specialty skills checklists for nurses, therapists, techs, and allied professionals|Pay Calculator tool helps travel nurses evaluate and compare compensation packages in real detail|Credential & document management with expiration tracking for licenses and certifications|Job feed updates 6x/day from partner agencies, ensuring fresh listings|No pay-per-click ads — all jobs are employer-submitted, not paid placements|Recruiter accounts are free — agencies can claim company pages and view profiles at no cost|Job postings cost just $5 — extremely affordable compared to other niche healthcare boards|No data selling policy — BluePipes explicitly states they never sell member data","Limited member base (~2,600+ as of 2018; smaller than Indeed, LinkedIn, or ZipRecruiter)|Recruitment subscription pricing not transparent — employers must contact for a quote|Primarily focused on travel healthcare — less relevant for permanent/hospital-direct hiring|Job board is aggregator-based — relies on partner agency feeds rather than direct employer postings|No ATS integration for employers compared to larger platforms|Smaller audience reach — limits candidate pool for employers needing high volume|Limited job types — mostly travel contracts; fewer per-diem or local permanent roles|Website design feels dated compared to modern platforms like Health eCareers or Vivian Health","BluePipes, healthcare job board, travel nursing jobs, nursing job board, allied health careers, healthcare staffing, recruiter network, nursing resume builder, skills checklists, travel nursing pay calculator, healthcare credential management, nurse job search, US healthcare, travel healthcare, agency aggregator, free for candidates, recruitment subscription, niche job board",,,"BluePipes.com is a specialized healthcare career platform built for travel nurses, therapists, technicians, and allied health professionals seeking assignments across the United States. Unlike generalist job boards, BluePipes positions itself as a hybrid between a professional network and a career management system, giving healthcare workers a centralized place to build profiles, manage clinical credentials, track skills, and apply to travel healthcare jobs — all while connecting with staffing agencies and recruiters.​ For job seekers — especially travel nurses — BluePipes offers a Universal Profile Builder that can be rendered as a PDF resume or a full job application, complete with over 100 specialty-specific skills checklists. The platform also features an industry-leading travel nursing pay calculator that helps clinicians evaluate and compare pay packages from any source, factor in costs, and negotiate more effectively.​ For employers and recruiters, BluePipes provides both free and premium recruitment services. Staffing agencies can claim their company pages at no cost, and recruiters can join the platform for free. The premium Recruitment Subscription unlocks advanced candidate search, the ability to send messages to all members, and connection request capabilities. BluePipes also charges just $5 per job posting for agencies looking to list openings. The job board itself is powered by an automated job-feed processor that imports listings from partner staffing agencies up to 6 times per day, ensuring jobs are fresh and updated frequently. BluePipes imports over 30 data points per job, including shift details, start dates, specialties, and estimated pay information — a level of granularity that most general job boards cannot match. Importantly, the site does not use pay-per-click advertising, meaning all jobs displayed come directly from employers and agencies rather than paid placements.​ BluePipes targets a niche but high-value segment: travel healthcare professionals, with the majority of its members being Registered Nurses and a significant portion being active or prospective travelers. As of 2018, the platform had over 2,600 members with 170+ new sign-ups per month.",https://ksfidkucspvcnicgjykt.supabase.co/storage/v1/object/public/uploads/logos/262d3ea5-24ff-442b-978e-e61bd26c8ee5.jpg
CareerBuilder,careerbuilder,https://www.careerbuilder.com,General,Contact for pricing,not_sure,"CareerBuilder is a long‑standing general job board and recruiting platform that combines job ads, resume search, and AI‑based matching to help employers hire and job seekers get found","Big, established candidate pool – tens of millions of US resumes and profiles, good for volume hiring.|Strong resume search – database search + AI matching can surface decent candidates if you know how to build good queries.|Integrated platform – job postings, candidate management, messaging, and ATS integrations in one place.|Useful for recurring roles – works well when you’re always hiring for the same positions (customer support, CNAs, warehouse, sales, etc.)","Not cheap for light users – pay‑as‑you‑go and small plans can feel expensive if you only post a job occasionally.|Resume‑view limits – many plans cap the number of resumes you can view per month, which frustrates heavy sourcers.|Quality variance – you can get a lot of unqualified applies for specialized or senior roles; better for bulk than “purple squirrels.”|No free employer plan – unlike some competitors, there isn’t a true free tier for employers.","General Job Board, US Job Board, Corporate Jobs, High-Volume Hiring, Resume Database, AI Matching, Staffing Agencies, In-House Recruiters, Mid-Skill Roles, Administrative Jobs, Customer Service Jobs, Sales Jobs, Healthcare Support Jobs, Logistics And Warehouse Jobs, IT And Office Jobs, Job Search Platform, Recruiting Platform",,,"CareerBuilder is a general job board and recruiting platform aimed at both job seekers and hiring teams who need more than a basic “post and pray” site. Candidates can search millions of jobs, upload a resume, and get matched to openings, while staffing agencies and in‑house recruiters use CareerBuilder to post roles, search a large resume database, and run AI‑assisted sourcing campaigns. For job seekers, CareerBuilder works best if you are targeting corporate and mid‑skill roles: administration, sales, customer service, healthcare support, logistics, light industrial, and general IT or office jobs. You can filter jobs by location, pay range, remote options, and job type, set up alerts, and use simple resume‑builder tools to get your profile in front of more recruiters. Because many staffing firms and employers actively mine the resume database, a well‑written, keyword‑rich profile can generate inbound messages rather than you applying to everything manually. For staffing agencies and corporate recruiters, CareerBuilder is essentially a sourcing and job‑distribution toolkit. You can post jobs, search tens of millions of US resumes, and use AI‑powered matching and scoring to quickly identify likely fits, then manage outreach and responses from one platform or via ATS integrations. Pricing is typically subscription‑based or in bundles, with plans that combine a set number of job slots plus resume views, and there is also a Pay‑Per‑Resume option if your team mainly lives in the database. In practice, CareerBuilder tends to deliver the most value when you are recruiting continuously for similar roles and can fully leverage the resume search, rather than treating it as a one‑off posting site.",https://ksfidkucspvcnicgjykt.supabase.co/storage/v1/object/public/uploads/logos/61d2c87f-117c-4b13-96d0-9608216486c5.jpg
CareerVitals,careervitals,https://careers.vitals.app/,Healthcare,"CareerVitals offers a mix of pay-per-post and subscription-based pricing models. Single job posting: $199 5 job postings: $399 10 job postings: $499 Subscription-based plans include: 2 job slots: $299 per month (annual commitment) 20 job slots: $499 per month (annual commitment) Unlimited job postings: $999 per month (annual subscription) Most subscription plans require an annual agreement, with promotional offers such as a free first month for new users. Additional pricing references (such as “Standard” and “Premium” plans) suggest tiered monthly options and pay-as-you-go flexibility, but the structure above represents the most consistent framework for comparison.",not_sure,"CareerVitals is a US healthcare job board connecting employers with nurses, allied health professionals, physicians, and support staff through targeted job postings and branding tools.","Focused entirely on healthcare, ensuring job postings reach a relevant audience instead of a broad, general candidate pool|Flexible pricing options, ranging from single job posts to high-volume subscription plans, allowing employers to scale based on hiring needs|Employer branding features help organizations stand out through logos and company information|Built-in screening questions can reduce recruiter workload by filtering applicants before resume review|Job distribution to external channels like Google for Jobs and Adzuna helps extend reach without additional cost per post|Social media sharing options make it easier to promote roles across multiple platforms","Does not offer a built-in resume database or advanced candidate search functionality, which limits proactive sourcing|Lacks integrated applicant tracking or recruiter workflow tools, requiring external systems for managing hiring processes|Limited availability of independent user reviews, making it harder to compare performance with other platforms|Entry-level pricing for single job postings may be high for smaller employers or low-volume hiring needs","Healthcare Job Board, Nursing Jobs, Allied Health Jobs, Physician Jobs, Medical Assistant Jobs, Healthcare Administration Jobs, Hospital Jobs, Clinic Jobs, Healthcare Staffing, Healthcare Recruiting Platform",,Nursing Jobs|Registered Nurse Jobs|RN Jobs|Licensed Practical Nurse Jobs|LPN Jobs|Licensed Vocational Nurse Jobs|LVN Jobs|Nurse Practitioner Jobs|NP Jobs|Physician Assistant Jobs|PA Jobs|Physician Jobs|Doctor Jobs|Hospitalist Jobs|Locum Tenens Physician Jobs|Travel Nurse Jobs|Travel RN Jobs|Allied Health Jobs|Physical Therapist Jobs|Occupational Therapist Jobs|Speech Language Pathologist Jobs|Respiratory Therapist Jobs|Radiologic Technologist Jobs|Medical Technologist Jobs|Medical Assistant Jobs|Certified Nursing Assistant Jobs|CNA Jobs|Healthcare Administration Jobs|Healthcare Manager Jobs|Hospital Jobs Near Me|Clinic Jobs Near Me|Healthcare Job Boards US|Nurse Staffing Job Boards|Healthcare Recruiting Platforms|Post Healthcare Jobs Online,"CareerVitals is built specifically for the healthcare industry, positioning itself as an alternative to general job boards that often lack role-specific filtering and relevance. The platform allows hospitals, clinics, and staffing agencies to advertise openings across a wide range of roles, including nursing, allied health, physician positions, administrative roles, and other clinical and non-clinical functions. For job seekers, the platform offers access to a large number of healthcare opportunities, along with features like job alerts and direct applications to employers. From an employer perspective, CareerVitals provides flexible job posting options designed to suit different hiring volumes — from small practices to large healthcare systems. Recruiters can leverage features such as employer branding, social media distribution, external application links, and built-in screening questions that help filter candidates before manual review. Unlike general job boards, CareerVitals is entirely focused on healthcare. Roles are categorized by specialty and function, which helps both recruiters and candidates navigate listings more efficiently and find more relevant matches.",https://ksfidkucspvcnicgjykt.supabase.co/storage/v1/object/public/uploads/logos/a403f7c8-11fc-4327-aea9-c9cac0693580.jpg
CFA Institute Job Board,cfa-institute-jobs,https://careers.cfainstitute.org/,Finance & Accounting,"All services — Free (job search, applications, career resources, Job Flash email) || Standard Job Posting — From $399 (30-day job posting) Job Flash™ Package (Standard) — $599 (30-day posting + featured placement in monthly Job Flash email + inclusion in that month's email send if purchased by the Sunday before the 3rd Tuesday) Job Flash™ Package (CFA UK Member Discount) — $399 (same as above, $200 discount) Custom/Premium Upgrades — Contact for pricing (exclusive banner placements, multi-posting packages)",not_sure,"CFA Institute Job Board is a niche finance platform connecting employers with 190,000+ CFA charterholders and 250,000+ learners across 160+ countries.","Highly credentialed candidate pool — 190K+ CFA charterholders with verified expertise|Niche, industry-specific focus — targeted at investment, finance, and asset management|Global reach — covers 160+ markets across major financial hubs|Credential-based filtering — filter by CFA status, location, and experience|Job Flash™ email blasts — monthly email to CFA members provides extra visibility|Backed by CFA Institute brand — trusted reputation in finance|Free for candidates|Career resources included — salary data, career path guides, educational content|Support from 158 CFA Societies — local networks amplify visibility","High cost per posting — starting at $399, much more expensive than general job boards|Limited to finance/investment roles only|Smaller overall reach — 190K is a fraction of LinkedIn or Indeed|No transparent pricing for premium packages — must contact CFA Institute|Geographic concentration — majority of charterholders in North America and Europe|Credential bias — may overlook talented non-CFA finance professionals|No ATS integration|Limited candidate volume for high-volume hiring","CFA Institute, CFA job board, finance job board, investment management jobs, financial analyst careers, charterholder recruitment, CFA charterholder, asset management jobs, wealth management careers, investment banking, fintech hiring, niche finance job board, credential-based recruiting, Job Flash, global finance careers, premium job posting, employer branding finance, CFA Society, candidate filtering, financial services recruitment",,,"The CFA Institute Job Board (careers.cfainstitute.org) is a specialized, premium job board operated by CFA Institute, the global association of investment professionals and issuer of the Chartered Financial Analyst (CFA) credential. Unlike generalist job boards, it is purpose-built for the investment management and financial services industry, connecting employers directly with a highly credentialed audience of CFA charterholders, CFA Program candidates, and certified learners worldwide. The platform leverages CFA Institute's global network of 158 CFA Societies and its membership base of over 190,000 charterholders to deliver a targeted recruitment channel for employers in asset management, wealth management, investment banking, commercial banking, consulting, fintech, and related sectors. For job seekers, the board offers free access to browse and apply to positions. It features jobs across experience levels — from entry-level analyst roles to executive positions — with filters for location, credential status, experience level, and job function. Members receive monthly Job Flash™ emails featuring curated job listings. For employers and recruiters, the platform offers paid services. The standard offering starts at $399 for a 30-day job posting, with the premium Job Flash™ Package at $599 (or $399 for CFA UK Society members) combining a 30-day posting with featured placement in the monthly Job Flash email sent to CFA Institute members. Employers can also purchase custom premium upgrades including exclusive banner placements. The board covers 160+ markets globally across major financial hubs including the US, UK, India, Hong Kong, Singapore, Canada, and the Middle East. India alone had 191 active listings as of March 2026. CFA Institute also provides career resources including career path guides, salary benchmarking data (showing $267K average total compensation), and educational content on investment industry career paths.",https://ksfidkucspvcnicgjykt.supabase.co/storage/v1/object/public/uploads/logos/09b72b49-d4fa-49b2-a0d9-c6d8c0fd58fe.jpg
Chronicle Vitae,chronicle-vitae,https://www.hire.chronicle.com,Education,"🎯 Chronicle Vitae – Job Seeker Features & Pricing 🔹 Job Search & Browse – Free Access and explore job listings across higher education roles 🔹 Job Applications – Free Apply directly to jobs on the platform 🔹 Account Creation – Free Create and manage your professional profile 🔹 CV/Dossier Builder – Free Hosted CV service for academic and professional profiles 🔹 Salary Database Access – Free (with account) View salary insights and benchmarks 🔹 Career Advice & Articles – Free (limited) Access career content; full access available via subscription 🔹 Newsletters – Free Receive updates on jobs, trends, and insights 🔹 Professional Groups – Free Join communities and network with peers 🔹 Resume & Cover Letter Resources – Free Access templates and guidance 🔹 CV Database (Recruiter Access) – Paid Employers need a subscription to view candidate profiles || 📊 Chronicle Vitae Job Posting Pricing 🔹 Basic Job Posting – $435 Includes: 60-day online ad, 2 complimentary search categories, Manage My Ads dashboard 🔹 Diversity Boost – $634 Includes: Basic posting + enhanced visibility in diversity-focused searches + email distribution 🔹 Job Posting Plus – $636 Includes: Basic posting + premium visibility placement 🔹 High Visibility – $665 Includes: Basic posting + IT or Medical Boost + premium placement 🔹 Premium Exposure – $935 Includes: Maximum visibility with multiple premium enhancements 📦 Bulk Packages 🔹 Basic 3-Pack – $1,240 Includes: 3 Basic postings ($413/ad – 5% savings) 🔹 Basic 5-Pack – $2,001 Includes: 5 Basic postings ($400/ad – 8% savings) 🔹 Basic 10-Pack – $3,915 Includes: 10 Basic postings ($391/ad – 10% savings) 🔹 Basic 15-Pack – $5,546 Includes: 15 Basic postings ($370/ad – 15% savings) 🔹 Job Posting Plus 3-Pack – $1,813 Includes: 3 Job Posting Plus ads 🔹 Job Posting Plus 5-Pack – $2,926 Includes: 5 Job Posting Plus ads 🔹 Job Posting Plus 10-Pack – $5,724 Includes: 10 Job Posting Plus ads 🔹 Job Posting Plus 15-Pack – $8,109 Includes: 15 Job Posting Plus ads 🔹 Unlimited Posting Package – Contact for pricing Includes: Unlimited postings for 12 months, 20% discount on print ads & digital enhancements, 24/7 job management 🔹 Print Advertising – Contact for pricing Includes: Listings in The Chronicle’s weekly print edition (201K+ readers)",no,"Chronicle Vitae is a higher education job board by The Chronicle of Higher Education, featuring 26,000+ faculty, administrative, and executive roles across North America.","Industry-leading authority — backed by The Chronicle of Higher Education, the most trusted publication in academia|Free for job seekers — all core features including CV builder, salary database, and job search are free|Comprehensive career tools — free CV/dossier hosting (Interfolio alternative), salary data, career advice|Massive candidate reach — 201,000+ print subscribers + extensive online readership|High-quality candidate pool — attracts credentialed academics and higher ed professionals|26,900+ active job listings — one of the largest academic job boards|Advanced search filters — position type, institution type, employment type, location, publication date|Bulk discounts available — up to 15% savings on high-volume posting packages|Unlimited Posting Package — 12 months of unlimited postings for organizations with ongoing hiring needs|Print advertising option — reach 201K+ readers through The Chronicle's weekly print edition|Print + digital bundling — 20% discount on print ads for Unlimited package subscribers|Manage My Ads dashboard — 24/7 access to edit and manage postings|CV database — recruiters can search candidate profiles directly","No free job posting option — every posting starts at $435, making it expensive for small institutions|Upfront payment required — first-time advertisers must pay in advance|USD-only payments — international institutions must pay in U.S. dollars|Premium pricing — at $435+, it's more expensive than competitors like Inside Higher Ed ($349)|No resume search for standard employers — CV database access requires additional subscription|No customizable email alerts for job seekers — candidates cannot set personalized job alert filters|Primarily North America-focused — limited reach outside the U.S. and Canada|No ATS integration — cannot directly sync with applicant tracking systems|Unlimited plan pricing not transparent — employers must contact for a quote|Print ads are additional cost — not included in online posting packages","Chronicle Vitae, Chronicle of Higher Education, academic job board, higher education jobs, faculty positions, university careers, college administrator jobs, research positions, academic recruitment, higher ed careers, CV builder, academic dossier, salary database, nonprofit education jobs, print job advertising, diversity hiring higher ed, unlimited job posting, managing academic hiring, faculty recruitment, HigherEdJobs competitor",,,"Chronicle Vitae (chroniclevitae.com) is the official career platform of The Chronicle of Higher Education, combining a niche academic job board with comprehensive career tools for the higher education workforce. The platform targets faculty, administrators, researchers, executives, and support staff at colleges and universities across the U.S. and Canada. For job seekers, everything is free: browse 26,900+ active listings, build a free CV/dossier (Interfolio alternative), access salary databases, join professional groups, and receive career newsletters. Advanced search filters include position type, institution type, employment type, and location. For employers — colleges, universities, and research institutions — job postings start at $435 for a Basic Job Posting (60-day online ad). Visibility upgrades include Diversity Boost ($634), Job Posting Plus ($636), High Visibility ($665), and Premium Exposure ($935). Bulk discounts range from 3-packs ($1,240) to 15-packs ($5,546), offering up to 15% savings. An Unlimited Posting Package (12 months of unlimited credits + 20% off print ads) is available — contact required for pricing. Print advertising through The Chronicle's weekly edition reaches 201,000+ subscribers. The platform is backed by The Chronicle's authority in higher education journalism (70+ editorial staff) and includes a CV database for recruiter candidate searches. Jobs span faculty, administrative, executive, and non-academic roles, with the majority in health & medicine and STEM fields.",
ClearanceJobs,clearancejobs,https://www.clearancejobs.com,Security & Government Clearance,"Job Seekers Free — create a profile, search listings, and apply at no cost. || Employers Quote-based pricing — no public rate card available. Contact ClearanceJobs sales for current subscription and pay-per-click options. Plans vary based on hiring volume, clearance level targeting, and resume database access needs. Staffing firms and high-volume contractors may have access to custom bundle pricing.",no,"The largest US job board exclusively for security-cleared professionals. Covers Secret, Top Secret, and TS/SCI roles across defense, intelligence, cybersecurity, and federal contracting.","Only job board built exclusively for security-cleared professionals|50,000+ active cleared job listings at any given time|Granular clearance filters — Secret, TS, TS/SCI, polygraph status|Large resume database of pre-cleared candidates difficult to find elsewhere|Free for job seekers — no paywall to search or apply|Community content including salary reports and cleared jobs market insights|Strong track record with major defense contractors and federal agencies",Employer pricing is not publicly listed — requires contacting sales|Exclusively US focused — not useful for international hiring|Only relevant for roles requiring or preferring security clearances|Platform can only be accessed from within the United States|Smaller overall scale compared to general job boards|UX and interface rated slightly lower than overall satisfaction by some users,"Defense Contractors, Federal Agencies, Cleared Staffing Firms, Cybersecurity Recruiters, Intelligence Community Hiring, Government Subcontractors, Cleared Professionals",,,"ClearanceJobs is the largest career network in the United States dedicated exclusively to professionals who hold or are pursuing federal security clearances. Unlike general job boards that treat cleared roles as one category among many, every listing on ClearanceJobs requires or strongly prefers an active US government security clearance — making it the most targeted resource available for this highly specialized segment of the workforce. The platform covers a wide range of cleared roles across defense and national security. Technical positions include cleared cybersecurity analysts, counterintelligence specialists, software engineers, systems architects, and aerospace and aviation engineers. Non-technical cleared positions such as program managers, HR professionals, finance staff, facilities personnel, and administrative roles attached to secure government programs are also well represented. At any given time the platform carries upward of 50,000 active job listings — a significant volume for such a specialized niche. For cleared professionals, ClearanceJobs allows candidates to build detailed profiles that include clearance level, polygraph status, skills, location preferences, and salary expectations. Job seekers can search and apply for roles, set up targeted job alerts, and access salary tools and career resources specific to the national security labor market. Creating a profile and applying to jobs is completely free for candidates. For defense contractors, federal agencies, cleared staffing firms, and government subcontractors, ClearanceJobs provides access to a resume database of pre-cleared professionals — something that is genuinely difficult to replicate on general job boards. Recruiters can filter candidates by clearance level, polygraph status, geography, skills, and experience with a level of specificity that platforms like Indeed or LinkedIn simply cannot match for this audience. Employer pricing is quote-based with subscription and pay-per-click options available — contact their sales team for current rates. ClearanceJobs is best suited for organizations operating within the US defense and intelligence ecosystem. It is not designed for non-cleared roles or employers outside the federal contracting and national security space. For cleared hiring specifically, it consistently outperforms general job boards in both candidate quality and application relevance.",https://ksfidkucspvcnicgjykt.supabase.co/storage/v1/object/public/uploads/logos/50c95786-a4d1-4daa-8967-251e7c1ea1e2.png
Coroflot,coroflot,https://www.coroflot.com/jobs,Creative & Media,"Job Seekers Free — create a portfolio, browse listings, and apply at no cost. || Single Job Posting (90 days) — $295 3-Job Package — $265 per post 5-Job Package — $235 per post 10-Job Package — $200 per post Designer Search Subscription — $145/month Designer Search 30-Day Access — $195 one-time Visibility Upgrades: Feature Your Job — $195 per listing Highlight Your Job — $50 per listing All job posts include 90-day listing, job ad distribution, social media promotion, and access to freelancer profiles with direct messaging.",no,"Design-focused job board and portfolio community for industrial, product, graphic, and UX/UI designers. Features 90-day job posts and portfolio-driven hiring for design-specific roles.","Exclusively design focused — highly targeted candidate pool|Portfolio-driven hiring — evaluate work quality before contacting candidates|90-day job postings — longer than the 30-day industry standard|Free for designers — no paywall to create a portfolio or browse jobs|Salary benchmarking tools for both designers and employers|Direct messaging to candidates and freelancer profile access|Job distribution to partner design publications and social media promotion|Transparent pricing — clearly listed online, easy to order","No free job posting tier — starts at $295 per listing|More expensive than some competing design job boards like Krop and AIGA Design Jobs|Key designer search filters (location, skills, experience) locked behind paid subscription|Smaller active job volume — hundreds of listings rather than thousands|Less brand recognition among younger designers compared to Behance or Dribbble|Limited recent third-party reviews making reputation harder to assess|Single gallery layout style may feel restrictive for portfolio presentation","Design Agencies, Consumer Product Brands, UX/UI Hiring, Industrial Design Recruitment, Graphic Design Jobs, Tech Hardware Companies, Creative Staffing, Senior Design Roles",,,"Coroflot is a long-established job board and portfolio community dedicated exclusively to design professionals. Unlike general job boards that include design as one category among many, every listing on Coroflot is design specific — making it one of the most targeted resources available for employers hiring creative talent and designers looking for relevant opportunities. The platform specializes in industrial and product design, graphic design, packaging and branding, communication design, and UX/UI and digital product design roles. Most listings skew toward senior and mid-level staff positions, particularly in industrial design, with hiring companies ranging from local design consultancies to multinational consumer product brands. Notable repeat clients include major brands such as Microsoft, Nike, Intel, Sony, and leading design consultancies like Frog Design and Fuseproject. What sets Coroflot apart from other design job boards is its portfolio-driven approach to hiring. Employers don't just see resumes — they can browse designer portfolio pages showing actual projects, follower counts, and engagement metrics before making contact. This is particularly valuable for design roles where seeing the quality of work directly is more informative than a CV alone. Recruiters can filter designers by keywords, location, experience level, remote availability, willingness to relocate, and work authorization status, then message candidates directly through the platform. For job seekers, Coroflot is free to use. Designers can create portfolio pages, list skills and availability, browse job listings, and access a salary benchmarking tool that helps them understand typical pay ranges by specialty and experience level. The combination of portfolio hosting and job searching in one platform makes it a useful ongoing resource for design professionals regardless of whether they are actively job hunting. Job postings on Coroflot are live for 90 days — significantly longer than the 30-day standard on most job boards. This extended posting window is particularly useful for senior or highly specialized design roles that typically take longer to fill. Posts can also be distributed to partner job boards and design publications with optional social media promotion for additional visibility. Coroflot is best suited for design agencies, consumer product brands, tech hardware companies, and any organization hiring experienced designers in industrial, product, graphic, or digital disciplines. It is less relevant for general creative roles, marketing positions, or employers outside the design sector.",https://ksfidkucspvcnicgjykt.supabase.co/storage/v1/object/public/uploads/logos/93aef5cd-e184-4861-a75f-e48d0c8566e6.jpg
Crunchboard,crunchboard,https://www.crunchboard.com,Startups & Tech,"Job Seekers Free — browse listings, apply, and set up job alerts at no cost. || Single Job Posting (30 days) — $349 5-Job Pack (never expires) — $1,295 ($259 per post) 10-Job Pack (never expires) — $2,495 ($249.50 per post) 5-Pack Featured Jobs — $1,695 Optional Upgrades: Mark as Urgent — +$49 per job Featured Job (pinned at top for 7 days) — +$149 per job All postings include visibility on Crunchboard and across TechCrunch's website, newsletters, and social channels.",not_sure,"The official job board of TechCrunch. Specializes in tech, startup, and engineering roles with direct exposure to TechCrunch's 12 million+ monthly readers.","Official TechCrunch job board — direct access to tech and startup audience|Jobs promoted across TechCrunch website, newsletters, and social channels|Non-expiring job packs — buy in bulk and use credits anytime|Transparent, publicly listed pricing — easy to budget|Free for job seekers — no paywall to browse or apply|Clean, simple interface — easy for both employers and candidates|Email job alerts keep candidates engaged with new listings|Featured and Urgent upgrade options for time-sensitive roles",No free job posting tier — starts at $349 per listing|No resume search or candidate database|No ATS integration or candidate matching tools|Listings not syndicated to other job boards outside TechCrunch network|Credit card only — no alternative payment methods|Relatively modest active listing volume compared to large tech boards|Occasional outdated postings and limited advanced filtering options|Few public third-party reviews making reputation harder to assess,"Tech Startups, High-Growth Companies, Engineering Hiring, Product Management Roles, Software Development Recruitment, Startup Talent Acquisition, DevOps Hiring",,,"Crunchboard is the official job board of TechCrunch, one of the most widely read technology and startup publications in the world. Unlike general tech job boards, Crunchboard's primary differentiator is its direct integration with TechCrunch's brand and audience — giving employers access to a highly engaged community of tech professionals, startup enthusiasts, and engineering talent who are already consuming industry news daily. The platform specializes in software engineering and development roles including backend, frontend, full-stack, DevOps, and infrastructure positions. Product management, product design, and technical leadership roles are also well represented, alongside startup-specific functions in marketing, growth, operations, and data for technology companies. It is primarily used by startups, scale-ups, and technology companies rather than traditional enterprises or non-tech organizations. For job seekers, Crunchboard is completely free to use. Candidates can browse and apply to roles directly, set up email alerts for new listings matching their interests, and use keyword and location filters to find relevant positions. The platform attracts tech-savvy candidates who already follow TechCrunch — meaning the audience skews toward professionals actively engaged in the startup and technology ecosystem. For employers and recruiting teams, job postings on Crunchboard receive visibility across the entire TechCrunch network — including the main website, daily newsletters, and social channels. This distribution into TechCrunch's 12 million+ monthly visitors gives postings significantly broader reach than the Crunchboard platform alone. Job packs never expire, allowing companies to purchase credits in bulk at a lower per-post rate and use them whenever hiring needs arise — a useful feature for technology companies with ongoing but unpredictable hiring cycles. Crunchboard is best suited for startups, high-growth tech companies, and engineering-focused organizations that want to reach candidates already immersed in the technology and startup world. It is less relevant for non-tech roles, traditional enterprises, or employers looking for resume search and candidate matching functionality — Crunchboard is fundamentally a job posting and promotion platform rather than a full recruiting suite.",https://ksfidkucspvcnicgjykt.supabase.co/storage/v1/object/public/uploads/logos/7a4d55ff-7d42-4586-9df9-d5784e4791b1.jpg
Culinary Agents,culinary-agents,https://www.culinaryagents.com,"Sports, Hospitality & Retail","Free — create a profile, browse listings, apply, and set up job alerts at no cost. Mobile apps available on iOS and Android. || Subscription Plans: Basic — Free (business profile, hosted career page, core hiring tools, analytics, 90-day data retention. Job ads not included) Subscription ATS — $39/month (interview scheduler, screening questions, custom hiring pipeline, anonymous posting, broader ad distribution, 3-year data retention. Job ads not included) ATS & Ad Bundle — $150/month — Best Value (4 job ads/month included, discounted extra ads at $59 each, concierge support, 3-year data retention) Enterprise ATS — $500/month (unlimited job ads, advanced analytics, workflow automation, dedicated support, lifetime data retention) Individual Job Ad Pricing: Single Ad — $69 5-Ad Pack — $320 ($64 per ad) 10-Ad Pack — $590 ($59 per ad) Job ads distributed to 500+ partner sites including Indeed. ATS integrations available with Greenhouse and other platforms.",yes,"Hospitality-exclusive job board and hiring platform used by 50,000+ restaurants including 80% of Michelin-starred US restaurants. Covers kitchen, bar, service, and management roles.","Free Basic plan available — accessible for independent restaurants and small operators|Largest hospitality-specific platform in the US — 2M+ members and 50,000+ businesses|Trusted by 80%+ of Michelin-starred restaurants in the US|AI-powered candidate matching reduces manual sourcing time|Job distribution to 500+ partner sites including Indeed|Mobile apps for iOS and Android — important for hospitality candidates|ATS integration with Greenhouse and other platforms|Scalable pricing from free to enterprise — suits all hiring volumes|Available in English, Italian, and French|Concierge support on higher tier plans",Free Basic plan does not include job ads — paid separately from $69 each|Job post packs expire and are non-refundable|Each post limited to a single location — restrictive for multi-site groups|Pricing for some add-on products not clearly listed|iOS app rated poorly (2.8/5) with complaints about low employer response rates|Candidates report limited feedback and communication on applications|Enterprise plan at $500/month is expensive for smaller operations|Few independent third-party reviews available for reputation assessment,"Restaurants, Hotels, Hospitality Groups, Fine Dining, Bar & Beverage Hiring, Food Service Recruitment, Executive Chef Hiring, FOH & BOH Staffing, Catering Companies",,,"Culinary Agents is the largest dedicated hiring platform for the restaurant and hospitality industry in the United States. With a community of over 2 million members and 50,000 businesses nationwide, it is the most widely used job board specifically built for food and beverage, restaurant, and hospitality professionals — from entry-level kitchen staff to executive management. The platform covers every level of hospitality hiring across back-of-house and front-of-house roles. Back-of-house positions include line cooks, prep cooks, sous chefs, executive chefs, pastry chefs, dishwashers, and BOH managers. Front-of-house roles cover servers, bartenders, barbacks, hosts, runners, bussers, maître d's, and FOH managers. Beyond hourly and kitchen staff, Culinary Agents also serves management and corporate hospitality roles including general managers, F&B directors, sommeliers, beverage directors, operations managers, and HR and marketing professionals within hospitality organizations. One of the strongest indicators of Culinary Agents' credibility in the industry is its penetration in fine dining — more than 80% of Michelin-starred restaurants in the United States use Culinary Agents for hiring. This level of adoption among the most prestigious segment of the restaurant industry signals genuine trust and effectiveness among serious hospitality operators. For job seekers, Culinary Agents is completely free. Candidates can create profiles highlighting their experience, skills, and preferred roles, browse and apply to listings, set up job alerts, and manage their search via dedicated iOS and Android mobile apps. The mobile-first approach is particularly relevant for hospitality professionals who are less likely to be at a desk during their job search. For employers, Culinary Agents offers a free Basic plan that includes posting to your business profile, a hosted career page, core hiring tools, message templates, job and employer brand analytics, and 90-day data retention. Paid plans unlock additional functionality — the Subscription ATS plan at $39/month adds an interview scheduler, screening questions, custom hiring pipelines, anonymous posting, broader ad distribution, and 3-year data retention. The most popular option is the ATS & Ad Bundle at $150/month which includes 4 job ads per month, all ATS features, discounted additional ads, and concierge support. For large hospitality groups with high volume hiring needs, the Enterprise ATS plan at $500/month provides unlimited job ads, advanced analytics, workflow automation, dedicated support, and lifetime data retention. Beyond subscription plans, individual job ads can be purchased separately starting at $69 per ad with discounts available for bulk packs. Job distribution to over 500 partner sites including Indeed, AI-powered candidate matching, social media promotion, and ATS integrations with platforms like Greenhouse are available across paid tiers. Culinary Agents is best suited for restaurants, bars, hotels, catering companies, and hospitality groups of all sizes. The free Basic plan makes it accessible for independent restaurants and small operators, while the Enterprise tier serves large multi-location hospitality groups with complex hiring workflows. Available in English, Italian, and French for international talent sourcing.",https://ksfidkucspvcnicgjykt.supabase.co/storage/v1/object/public/uploads/logos/b808d5ba-2ce1-4d58-ab66-e5a1b9eea21d.jpg
CyberSecJobs,cybersecjobs,https://www.cybersecjobs.com,Security & Government Clearance,"Free — create a profile, upload a resume, search listings, apply, and set up job alerts at no cost. || Direct employers only — staffing agencies and third-party recruiters not permitted. Standard 30-Day Job Posting — from $199 Job Flash Email Campaign — additional cost (targets cybersecurity professionals directly, marketed as increasing response by up to 500%) Featured/Spotlight Listings — available as upgrades Ultimate Recruitment Bundle — up to approximately $599 (includes premium placements and resume access) Contact CyberSecJobs for current full pricing on bundles and add-ons.",not_sure,"Cybersecurity-exclusive job board for direct employers only — no staffing agencies permitted. Covers SOC analysts, security engineers, penetration testers, CISOs, and all security roles.","Cybersecurity-exclusive — every listing is security focused, no irrelevant roles|Direct-employer only policy — eliminates recruiter spam for candidates|Covers all seniority levels from entry-level SOC to CISO|Free for job seekers — no paywall to search or apply|Advanced search filters and job alerts tailored to security roles|Job Flash email campaigns boost visibility for critical roles|Company profile pages help candidates research employers|Clean, user-friendly interface designed for tech professionals|Roles updated daily across all experience levels",Not available to staffing agencies or third-party recruiters|No free job posting tier for employers — starts at $199|Limited publicly available data on audience size and active listing volume|Narrower feature set compared to full ATS recruiting platforms|No large searchable resume database for employers|Cybersecurity-only scope means other tech roles must be posted elsewhere|Few large-sample third-party reviews available for reputation assessment,"In-House Security Teams, Cybersecurity Hiring, SOC Analyst Recruitment, Penetration Tester Jobs, CISO Hiring, Security Engineering Roles, Defense Contractors, Financial Institutions, Security Vendors",,,"CyberSecJobs is a specialized job board dedicated exclusively to cybersecurity and information security roles. Unlike general technology job boards where security roles compete for visibility alongside thousands of unrelated listings, every position on CyberSecJobs is cybersecurity specific — making it one of the most targeted resources available for organizations building security teams and professionals advancing their security careers. The platform covers the full spectrum of cybersecurity disciplines. Operational roles include SOC analysts, incident responders, and security operations staff. Engineering and technical roles cover security engineers, network security engineers, DevSecOps specialists, cloud security engineers, and application security professionals. Offensive security roles include penetration testers, red and blue team members, and ethical hackers. At the senior end, security architects, CISOs, and other security leadership positions are also well represented. Roles span a wide range of hiring organizations including security vendors, SaaS companies, financial institutions, critical infrastructure providers, consultancies, and government and defense contractors. One of the most significant and distinctive policies on CyberSecJobs is its direct-employer only rule. Staffing firms, recruiting agencies, and third-party recruiters are explicitly prohibited from posting on the platform. Only in-house hiring teams at direct employers can post roles and source candidates. For cybersecurity professionals this is a meaningful differentiator — it means every listing comes directly from the organization doing the hiring, reducing recruiter spam and agency intermediaries that are common on general tech job boards. For job seekers, CyberSecJobs is completely free. Candidates can create profiles, upload resumes, apply directly to roles, use advanced search filters, set up job alerts, and access career resources including resume tips, interview guidance, and company profiles. The platform serves security professionals across all experience levels — from entry-level analysts through mid-career engineers to senior security leadership. For direct employers, job postings start at $199 for 30 days. Beyond standard listings, employers can purchase Job Flash email campaigns that push postings directly to a targeted list of cybersecurity professionals — marketed as increasing candidate response by up to 500% compared to standard postings. Higher-tier recruitment packages including featured listings, resume access, and comprehensive recruitment bundles are also available. CyberSecJobs is best suited for in-house security teams, technology companies, financial institutions, defense contractors, and any organization hiring cybersecurity talent directly. It is not available to staffing agencies or third-party recruiters — organizations that rely on external recruiting firms for cybersecurity hiring will need to use alternative platforms.",https://ksfidkucspvcnicgjykt.supabase.co/storage/v1/object/public/uploads/logos/6737cccb-d7c0-46df-b405-3858d147beb3.jpg
DentistJobCafe,dentistjobcafe,https://www.dentistjobcafe.com/,Healthcare,"Completely free to use. Free job search, applications, resume upload, and job alerts. || No publicly listed pricing (quote-based model) 3-day free trial available for new employers Pricing varies based on job postings, resume access, and add-ons Requires contacting sales for customized packages Lack of transparent pricing can make comparison with competitors slightly difficult.",no,"DentistJobCafe.com is a U.S.-focused dental job board connecting employers with dentists, hygienists, assistants, and other dental professionals across private practices, DSOs, and clinics.","Strong niche focus on dental jobs, ensuring highly relevant candidates|Large candidate pool (75,000+ active candidates + continuous registrations)|Job distribution across thousands of partner websites → extended reach|Built-in ATS, resume database, and candidate matching tools|Includes video interviewing feature, reducing external tool dependency|Email and text alerts increase candidate engagement|Job posting optimization and review support available","No free job posting plan (only a limited 3-day free trial)|Pricing is not transparent and requires sales interaction|Additional features and add-ons can increase overall cost|Limited social media promotion compared to some competitors|Lack of independent public reviews; reputation data is mostly self-hosted|Reported traffic (~50,000 monthly visits) is moderate compared to larger job boards","Dental Job Board, Dentist Jobs, Dental Hygienist Jobs, Dental Assistant Jobs, Dental Office Manager Jobs, Oral Surgeon Jobs, Endodontist Jobs, Pediatric Dentist Jobs, Dental Practice Jobs, DSO Dental Jobs",,Dentist Jobs|General Dentist Jobs|Associate Dentist Jobs|Permanent Dentist Jobs|Locum Tenens Dentist Jobs|Pediatric Dentist Jobs|Oral Surgeon Jobs|Endodontist Jobs|Orthodontist Jobs|Periodontist Jobs|Prosthodontist Jobs|Dental Hygienist Jobs|Registered Dental Hygienist Jobs|RDH Jobs|Dental Assistant Jobs|Certified Dental Assistant Jobs|CDA Jobs|Expanded Function Dental Assistant Jobs|EFDA Jobs|Dental Office Manager Jobs|Dental Practice Manager Jobs|Dental Receptionist Jobs|Dental Front Desk Jobs|Dental Clinic Jobs Near Me|Dental Jobs USA|High Paying Dentist Jobs|New Graduate Dentist Jobs|Part Time Dentist Jobs|Full Time Dentist Jobs,"DentistJobCafe.com is a niche job board dedicated exclusively to dental jobs in the United States, making it a strong alternative to general healthcare and job platforms. It helps employers hire a wide range of professionals, including Dentists, Dental Hygienists, Dental Assistants, Dental Office Managers, Oral Surgeons, Endodontists, Pediatric Dentists, and other dental specialists. The platform offers access to a large and growing dental talent pool, with over 75,000+ active candidates and thousands of new dental professionals joining regularly. Job seekers can search and apply to opportunities using filters such as location, specialty, and job type, while also benefiting from resume upload tools, job alerts, and free resume review services. For employers, DentistJobCafe.com provides a full recruitment solution, including job posting, resume database access, and an integrated applicant tracking system (ATS). Additional features like candidate matching, screening questions, and built-in video interviewing help streamline the hiring process. One of its key differentiators is job distribution across thousands of partner dental and healthcare websites, along with email and text alerts sent directly to candidates. This significantly improves job visibility beyond the core platform and helps employers reach both active and passive candidates.",https://ksfidkucspvcnicgjykt.supabase.co/storage/v1/object/public/uploads/logos/4e3ed8c4-1d59-42a4-90c5-1f935916b5e4.png
Devex,devex,https://www.devex.com,Nonprofit & Government,"Free basic membership — create a profile, search jobs, and access career content at no cost. Career Account (paid) — from approximately $9.50/month billed annually (or $19/month billed monthly) Includes: exclusive job listings, additional career tools, and increased visibility to recruiters. || Standard Job Posting (30 days) — $399 Featured Job Posting (30 days, boosted visibility) — $598 Bundle Postings and Membership-Linked Plans — pricing on request Additional Services: Employer branding profile pages — available Candidate database access and sourcing services — available Contact Devex directly for bundle and volume pricing. Note: Devex does not include a built-in ATS. Employers typically manage applications through an external applicant tracking system.",no,"Global development media platform and job board connecting 1.3M+ professionals with international development, global health, humanitarian, and NGO roles worldwide.","Most recognized job board in the international development and NGO sector|Serves 1.3M+ development, health, and humanitarian professionals globally|Integrated news, salary data, and funding intelligence alongside job listings|Career Hub provides hiring trend analysis and salary benchmarking by organization|Strong employer brand recognition among multilaterals, NGOs, and donors|Employer branding pages and candidate sourcing services available|Global reach including strong presence in Africa and emerging markets|Free basic membership for job seekers|Exclusive job listings available for Career Account members","Higher starting price than general job boards — from $399 per 30-day posting|Some job listings gated behind paid candidate Career Account subscription|No built-in ATS — employers need external workflow management tools|Smaller raw candidate volume than general mega-boards like Indeed or LinkedIn|Less focused on volunteer, intern, or entry-level nonprofit roles compared to Idealist|Posting volume reportedly declined approximately 25% in 2025 versus prior year|Featured posting at $598 may be expensive for smaller NGOs with limited budgets","NGOs, International Nonprofits, Multilateral Organizations, USAID Contractors, UN Agencies, Global Health Hiring, Humanitarian Organizations, Development Banks, Mission-Driven Professionals",,,"Devex is the leading media platform and job board for the global development community, combining industry news, career resources, funding intelligence, and a specialized job board in one destination. Unlike general job boards or even broad nonprofit platforms, Devex focuses exclusively on international development, global health, humanitarian response, and mission-driven organizational roles — making it the primary career resource for professionals working within the NGO, multilateral, and donor-funded project ecosystem. The platform covers a wide range of sectors and role types within global development. International development and aid roles include program managers, monitoring and evaluation specialists, livelihoods coordinators, governance advisors, climate specialists, and education professionals. Global health and nutrition positions cover technical advisors, health economists, and program managers working on health systems and public health initiatives. Humanitarian and crisis roles include emergency coordinators, protection officers, and logistics specialists deployed in response operations. Operational and support functions within NGOs and development organizations — including country directors, grant managers, finance leads, and HR professionals — are also well represented. Typical hiring organizations include UNICEF, CARE, World Bank, USAID-funded contractors, UN agencies, development banks, and international NGOs operating across Africa, Asia, Latin America, and beyond. What sets Devex apart from pure job boards is its deeply integrated media and intelligence ecosystem. Job seekers and employers don't just use Devex to post and find roles — they use it to track funding trends, understand which organizations are hiring, benchmark salaries, and stay informed on development sector news. The Career Hub provides data-driven insights including analysis of hiring trends, salary guides by role and organization, and breakdowns of what major institutions like UNICEF hired for and paid in recent years. This combination of news, data, and jobs makes Devex a daily resource for development professionals rather than a destination visited only during active job searches. For job seekers, basic membership is free and includes profile creation, job searching, and access to Devex's news and career content. A paid Career Account starting from approximately $9.50/month when billed annually unlocks exclusive job listings, additional career tools, and increased visibility to recruiters. Devex serves over 1.3 million registered development, health, humanitarian, and sustainability professionals globally — with a particularly strong presence in Africa where much of the sector's field-based work is concentrated. For employers including NGOs, multilateral organizations, foundations, government agencies, and development contractors, Devex offers standard 30-day job postings from $399, featured postings at $598, and additional employer branding and candidate sourcing services beyond standard listings. The platform does not include a built-in ATS, so employers typically manage applications through an external system. Devex is best suited for NGOs, international nonprofits, multilateral institutions, development banks, and contractors implementing donor-funded programs who need to reach mission-driven professionals with specialized international development experience. It is less relevant for domestic-only nonprofit roles or organizations outside the international development and global health space.",https://ksfidkucspvcnicgjykt.supabase.co/storage/v1/object/public/uploads/logos/39836391-419f-440a-b18c-30462c6ca5b5.jpg
DevJobsScanner,devjobsscanner,https://www.devjobsscanner.com,Technology & Engineering,"Free — search listings, apply filters, set up email alerts, and browse at no cost. || DevJobsScanner does not publish standard employer job posting pricing. Most listings are aggregated automatically from other developer job boards. Employers looking to reach this audience should post on developer-focused source boards that feed into the DevJobsScanner index. A small number of direct paid postings may be available — contact DevJobsScanner directly for current options.",no,"Free developer job search engine aggregating 600,000+ software and web development roles from 15+ specialized job boards. Advanced filters by tech stack, location, and remote preference.","Completely free for job seekers — no paywall or subscription required|Aggregates 600,000+ developer jobs from 15+ specialized boards in one place|Advanced filtering by tech stack, skills, location, and remote preference|Automatic removal of listings not seen within 7 days — reduces stale jobs|Email alerts for new jobs matching saved searches|Daily updates keep the index current|Community-oriented — built specifically to help developers find jobs|Company reviews and ratings surfaced alongside listings",Not a direct posting platform for employers — no standard pricing tiers or employer tools|No ATS integration or employer branding features|Platform monetization is uncertain — creator has considered selling the project|Long-term maintenance and roadmap are unclear|Lower brand recognition than major tech job boards like Dice or Stack Overflow|Relies on web scraping — changes to source sites can affect coverage|Limited third-party reviews or satisfaction ratings available|Smaller audience than established general or tech-specific job boards,"Software Developers, Web Developers, Full Stack Engineers, Remote Developer Jobs, Tech Stack Specific Search, IT Specialists, Developer Job Aggregator",,,"Before I write this one — quick flag. DevJobsScanner has a potential issue worth flagging before you add it to your directory: The creator was trying to sell the site. That Reddit post from the research mentions they want to sell it and that monetization is uncertain. This raises a real question about whether the site is still actively maintained or even operational. Before adding it I'd suggest: Go to devjobsscanner.com right now and check if it's still live and actively updated. If it looks maintained proceed. If it looks abandoned or redirects somewhere remove it from your directory entirely — listing a dead or dying tool damages your credibility. Assuming it's still live here's the complete package: Short Description (under 200 characters) Free developer job search engine aggregating 600,000+ software and web development roles from 15+ specialized job boards. Advanced filters by tech stack, location, and remote preference. Full Overview (SEO Content) DevJobsScanner is a free job search engine built exclusively for software developers and IT professionals. Rather than operating as a traditional job board where employers post directly, DevJobsScanner aggregates developer roles from more than 15 specialized job boards into a single searchable interface — giving candidates one of the broadest consolidated views of developer job opportunities available without paying a subscription or visiting multiple platforms. The platform focuses entirely on software engineering and web development roles across all major technology stacks including JavaScript, Python, Java, PHP, and mobile development. Both remote and on-site positions are indexed, spanning startups, SaaS companies, agencies, and enterprises across multiple industries. At any given time the platform indexes hundreds of thousands of active developer job listings — with over 691,000 jobs documented in published snapshots and a historical database of tens of millions of developer roles scraped over time. For job seekers, DevJobsScanner is completely free. Candidates can search across the aggregated job index using advanced filters by skills, technologies, location, and remote preference — making it particularly useful for developers who know exactly what stack they work in and want to filter out irrelevant listings quickly. Email job alerts notify candidates when new roles matching their saved searches are posted, and daily updates keep the index fresh. A key freshness feature is the automatic removal of any listing not seen within 7 days — significantly reducing the stale job problem common on many aggregator platforms. Company reviews and ratings are also surfaced alongside listings where available. For employers and recruiters, DevJobsScanner is not a primary paid posting platform. Most jobs are indexed automatically from other developer job boards rather than posted directly. Employers looking to reach DevJobsScanner's audience are best served by posting on the source boards that feed into its index — such as Stack Overflow Jobs, Wellfound, or other specialized developer platforms. DevJobsScanner is best suited for software developers, web developers, and IT specialists who want a broad, aggregated view of developer roles across multiple platforms in one place. It is particularly useful for developers with specific technology stack requirements who want to filter by skills rather than scroll through general job board listings.",https://ksfidkucspvcnicgjykt.supabase.co/storage/v1/object/public/uploads/logos/8d9639af-e0f8-4fe9-93d9-7440f1e7beee.jpg
Dice,dice,https://www.dice.com,Technology & Engineering,"Free — create a profile, search listings, apply, and access salary data and career resources at no cost. || Single Job Slot — $399 30-day active listing, promoted across Dice channels. Online support and training included. Annual Contract Plans (billed monthly): Starter — $499/month (annual contract) — 3 job slots, 1 user, 50 candidate views/month, branded company profile, jobs promoted across channels Standard — $799/month (annual contract) — Unlimited job posts, unlimited users, 100 shared candidate views/month, branded and featured jobs, ATS integrations, onboarding and training Month-to-Month Plans (no annual contract): Starter — $649/month — 3 job slots, 1 user, 250 candidate views/month, online support Standard — $899/month — 5 job slots, 2 users, 500 shared candidate views/month, branded jobs, branded company profile, dedicated account manager and client success partner Enterprise — Contact sales for custom options with greater access and reach. Pricing subject to change. Valid for new customers only. Annual contract rates require commitment for full year.",not_sure,"Tech-only job board serving 3M+ registered technology professionals and 2.4M monthly visitors. Covers software engineering, data, cloud, cybersecurity, and all IT roles across the US.","Tech-only focus — every candidate and listing is technology relevant|3M+ registered tech professionals — 65% with 10+ years experience|2.4M monthly unique visitors — strong platform reach within tech|Serves both direct employers and staffing/recruiting agencies|Annual Tech Salary Report — widely used compensation benchmark|Subscription plans include resume search, ATS integrations, and branded profiles|Long established platform with strong brand recognition in tech hiring|Personalized job matching and career resources for candidates|Free for job seekers","Higher per-post pricing than many alternatives — from $399 per 30-day slot|Full value requires subscription — single posts have limited recruiter tooling|Subscription plans require annual contracts for best rates|Faces competition from LinkedIn, Indeed, and GitHub/Stack Overflow ecosystems|Tech job market cooling has reduced overall posting volume versus peak years|Month-to-month plans significantly more expensive than annual contract rates|100 shared candidate views per month on Standard annual plan may feel limiting for high-volume teams","Technology Recruiters, IT Staffing Firms, Software Engineering Hiring, Cybersecurity Recruitment, Data Science Jobs, Cloud Engineering, DevOps Hiring, Enterprise Tech Teams",,,"Dice is one of the longest-running and most recognized job boards dedicated exclusively to technology professionals in the United States. Active since the 1990s and owned by publicly traded DHI Group, Dice has built a career platform specifically around the needs of IT and engineering talent — making it one of the most targeted resources available for technology hiring on either side of the market. The platform covers the full spectrum of technology roles. Software development and engineering positions include backend, frontend, full-stack, mobile, and DevOps engineers across all major technology stacks. Data, analytics, AI, and machine learning roles are well represented alongside database administrators and data engineers. Cloud, infrastructure, networking, and cybersecurity positions make up a significant portion of listings, reflecting the growth of these disciplines across enterprise and startup environments. Product management, project management, QA, and other technology-adjacent roles round out the offering. What distinguishes Dice from general job boards is the quality and experience level of its candidate pool. The platform serves approximately 3 million registered technology professionals, of whom 75% hold a bachelor's degree or higher and 65% have 10 or more years of experience. This skew toward senior and mid-level professionals makes Dice particularly valuable for organizations hiring experienced technology talent rather than entry-level candidates. Monthly unique visitors average around 2.4 million, with tens of thousands of active tech job listings at any given time. For job seekers, Dice is completely free. Candidates create profiles, upload resumes, and apply directly to roles. The platform offers personalized job recommendations based on skills, experience, and career goals, as well as access to the annual Tech Salary Report — one of the most widely referenced compensation benchmarks in the US technology industry. Career advice resources and virtual career events are also available at no cost. For employers and recruiters, Dice offers both single job postings and subscription plans with progressively more powerful recruiting tools. A single 30-day job slot starts at $399, with jobs promoted across Dice's channels. Subscription plans unlock resume search, candidate views, branded company profiles, featured job placements, multiple user seats, and ATS integrations — making Dice more of a full recruiting platform than a simple job posting board. Importantly, Dice explicitly serves both direct employers and IT/engineering staffing firms — making it one of the few major tech job boards that welcomes recruiting agencies alongside in-house hiring teams. Dice is best suited for technology companies, enterprises with significant tech hiring needs, and IT/engineering staffing firms looking for experienced software engineers, data professionals, cloud specialists, and cybersecurity talent. It is less cost-effective for organizations hiring one or two tech roles per year who don't need the full subscription feature set.",https://ksfidkucspvcnicgjykt.supabase.co/storage/v1/object/public/uploads/logos/2c00345a-255f-414e-b00d-2ddadddc0c32.jpg
Dribbble Jobs,dribbble-jobs,https://dribbble.com/jobs,Creative & Media,"Free to browse and apply to jobs. Optional Pro plans available for designers who want increased profile visibility, portfolio features, and access to exclusive job listings. Contact Dribbble for current Pro plan pricing. || Single Job Post (30 days) — approximately $150 Hiring Suite — approximately $300/month (includes multiple job posts, enhanced visibility, and candidate management tools) Freelance Project Posting — approximately 7.5% service fee on project value Pricing subject to change. Verify current rates on Dribbble's website before purchasing.",not_sure,"Design-only job board backed by one of the world's largest creative communities. Covers UI/UX, graphic design, product design, illustration, branding, and motion roles globally.","Use this if you need design-specific talent — every candidate on Dribbble is a designer or creative professional. Zero filtering required to remove irrelevant applicants|Portfolio-first hiring — you evaluate actual design work before reaching out, not just resumes. Ideal for roles where visual output quality is the primary hiring criterion|Affordable compared to broader design talent platforms — single posts at approximately $150 are significantly cheaper than Coroflot ($295) or general tech boards|Strong global reach — 15-16M monthly visitors gives access to an international pool of design talent, useful for remote-first design roles|Community trust and brand recognition — Dribbble is where serious designers build their careers. Job listings reach an engaged, active community rather than passive job seekers|Good fit for startups and agencies — straightforward pricing and no complex ATS requirements make it accessible for smaller teams hiring their first or second designer","Avoid if you need non-design roles — Dribbble is exclusively for creative and design positions. Engineering, marketing, or operations roles will get zero traction here|Limited ATS and workflow integration — not built for enterprise recruiting workflows. Teams needing deep ATS integration or applicant tracking at scale will find it feature-light|Some features locked behind higher plans — full candidate management and enhanced visibility require the Hiring Suite subscription rather than single posts|Staffing agencies have limited utility here — the platform is primarily built for direct employer-to-designer connections. Recruiting firms filling design roles for clients may find better ROI on broader platforms|Skews toward visual/digital design — strongest for UI/UX, graphic, and product design. Less depth for highly specialized disciplines like motion graphics or industrial design","UI/UX Design Hiring, Graphic Design Jobs, Product Designer Recruitment, Branding and Identity Roles, Motion Design Jobs, Startups Hiring Designers, Creative Agency Recruiting, Freelance Design Projects, Remote Design Roles",,,"Dribbble Jobs is the hiring platform built directly into Dribbble — one of the most widely used portfolio and inspiration communities for designers worldwide. With 15-16 million monthly visitors globally, Dribbble has built a concentrated audience of working designers across UI/UX, graphic design, product design, illustration, branding, and motion — making its job board one of the most targeted channels available for design-specific hiring. The core differentiator is portfolio-first hiring. Unlike general job boards where employers review resumes and wait for portfolios to be submitted, Dribbble's structure puts visual work front and center. Every designer on the platform maintains a public portfolio of shots and projects. Employers evaluating candidates can assess actual design output — style, craft, consistency, and aesthetic sensibility — before making any contact. This fundamentally changes the hiring process for design roles, replacing resume screening with work quality assessment. The platform serves a genuinely global design community. While the US market is strongly represented, Dribbble's reach extends across Europe, Asia, and Latin America — making it particularly useful for organizations hiring remote designers or looking beyond their local talent pool. Designers on Dribbble range from students building their first portfolios to senior creative directors at major brands, giving employers access to talent across all experience levels. For employers, Dribbble Jobs is straightforward to use. Single job posts are accessible for small teams and startups hiring occasionally, while the Hiring Suite provides a more complete toolset for organizations with ongoing design hiring needs. Freelance project postings are also supported, making it useful for agencies and product teams that regularly need contract design work alongside permanent hiring. Dribbble is not a general purpose recruiting platform. It does not attempt to serve non-design roles, does not offer the deep ATS integrations of enterprise platforms, and is not optimized for high-volume applicant tracking. Its value is entirely in the specificity and quality of its design audience — and for organizations where that audience is exactly what they need, it consistently outperforms broader platforms on candidate relevance.",https://ksfidkucspvcnicgjykt.supabase.co/storage/v1/object/public/uploads/logos/377bad78-8635-4a35-b420-0219773f1f91.jpg
EdSurge Jobs,edsurge-jobs,https://www.edsurge.com/jobs,Education,Free to browse and apply. || Single Job Post — ~$230–$399 depending on exposure Bulk and enterprise packages available,not_sure,"Edtech-focused job board backed by EdSurge’s education network. Covers K-12, higher ed, and edtech roles across teaching, product, and leadership.",Best for hiring in edtech or education — highly relevant audience|Newsletter distribution gives strong visibility beyond listings|Works well for edtech companies hiring product and CS roles|Multiple pricing tiers based on hiring urgency|Trusted brand in education ecosystem,Not suitable for non-education roles|Expensive for occasional hiring|Limited public traffic data|Not ideal for staffing firms,Not suitable for non-education roles Expensive for occasional hiring Limited public traffic data Not ideal for staffing firms,,,"EdSurge Jobs is a niche job board built around the education and edtech ecosystem, giving employers access to professionals already engaged with the industry. Unlike general job boards, every listing is shown to candidates with a clear interest in education, improving relevance and application quality. The platform covers roles across K-12 schools, higher education institutions, and edtech companies. Common positions include teachers, instructional designers, curriculum developers, product managers, and customer success roles in edtech firms. Nonprofits and school districts also actively use the platform. A key differentiator is EdSurge’s integration with its widely followed newsletter and media platform. Job listings are not limited to search traffic — they also reach an engaged audience of educators and industry professionals who regularly consume EdSurge content. EdSurge Jobs is best suited for organizations hiring within education or edtech where domain knowledge matters. It is less effective for general hiring outside the sector.",https://ksfidkucspvcnicgjykt.supabase.co/storage/v1/object/public/uploads/logos/882a675a-5741-43c9-8602-ac1a11a3295b.jpg
eFinancialCareers,efinancialcareers,https://www.efinancialcareers.com,Finance & Accounting,"Free || $1,995 /2-month subscription Post up to 10 jobs and view up to 250 CV's per month",not_sure,"Specialized job board for finance and banking professionals. Covers investment banking, trading, asset management, risk, compliance, and more across the US and global markets.",,,,,,"eFinancialCareers is one of the most established job boards dedicated exclusively to financial services professionals. Unlike general job boards, every listing on the platform is finance specific — making it a focused resource for both job seekers and recruiters operating in this sector. The platform covers a wide range of finance disciplines including investment banking, asset management, trading, risk management, compliance, audit, actuarial, and graduate finance roles. Job seekers can access opportunities ranging from bulge bracket banks and global asset managers to boutique firms and niche financial institutions. For recruiters and hiring managers in financial services, eFinancialCareers provides access to a targeted talent pool of finance professionals actively looking to advance their careers. The platform operates across 19 markets including North America, Europe, the Middle East, and Asia-Pacific — making it particularly useful for firms with international hiring needs. eFinancialCareers is best suited for: investment banks, asset management firms, hedge funds, private equity, and financial services companies hiring experienced professionals. Job seekers with backgrounds in finance, banking, or related fields will find more relevant opportunities here than on general job boards.",https://ksfidkucspvcnicgjykt.supabase.co/storage/v1/object/public/uploads/logos/dc976cc9-fa09-4a60-a0b1-6e6339810264.jpg
Financial Job Bank,financial-job-bank,https://www.financialjobbank.com,Finance & Accounting,Free to browse and apply. || Plans start from ~$199/month Additional upgrades available for visibility,not_sure,"Finance-focused job board covering banking, accounting, and corporate finance roles. Connects financial professionals with banks and corporate finance teams.","Best for hiring finance professionals (banking, accounting, planning)|More targeted than general job boards|Multiple ad options for visibility control|Listings distributed via partner networks|Established niche presence in finance hiring",Pricing not fully transparent upfront|Limited public data on traffic and reach|Not useful outside finance roles|Additional features require extra cost,"Finance Jobs, Banking Jobs, Accounting Jobs, Financial Analyst Jobs, CPA Jobs, Corporate Finance Hiring",,,"Financial Job Bank is a niche job board dedicated to financial services and corporate finance roles in the United States. It connects employers such as banks, accounting firms, and corporate finance teams with professionals actively seeking careers in finance. The platform includes roles across accounting, financial analysis, investment, compliance, and leadership positions such as CFOs and controllers. This makes it useful for hiring across both mid-level and senior finance roles. Unlike general job boards, Financial Job Bank ensures that every listing reaches an audience specifically interested in finance careers. This improves relevance and reduces noise compared to platforms where finance jobs compete with unrelated roles. The platform also offers distribution through partner networks, helping listings reach additional finance-focused audiences without requiring multiple postings. Financial Job Bank is best suited for organizations with ongoing finance hiring needs. It works well as a complementary channel alongside broader platforms.",
FlexJobs,flexjobs,https://www.flexjobs.com,Remote & Flexible Work,Subscription required: Weekly ~$9.95 Monthly ~$24.95 Annual ~$59.95 || Unlimited postings — ~$299/month or ~$2699/year,no,"FlexJobs is a premium, hand‑screened job board for remote, hybrid, and flexible jobs, offering scam‑free listings across 50+ career fields and paid access for job seekers.",Ideal for remote hiring where quality matters over volume|Hand-screened jobs eliminate spam and fake listings|Trusted by serious remote job seekers|Unlimited postings model suits ongoing hiring|Covers multiple industries,Ideal for remote hiring where quality matters over volume|Hand-screened jobs eliminate spam and fake listings|Trusted by serious remote job seekers|Unlimited postings model suits ongoing hiring|Covers multiple industries,No free or pay-per-post option Not suitable for in-office roles Lower applicant volume vs free platforms Not ideal for highly niche hiring Limited public scale data,,,"FlexJobs is one of the most established platforms focused on remote, hybrid, and flexible jobs across industries. Its main differentiator is the manual screening of every job listing, ensuring that only legitimate and high-quality opportunities appear on the platform. This curated approach removes spam and misleading listings commonly found on general job boards. As a result, both employers and candidates operate in a cleaner, more trustworthy environment. The platform supports roles across industries including technology, healthcare, education, marketing, and customer service. This makes it broader than many niche remote job boards. FlexJobs operates on a subscription model for both employers and job seekers, which acts as a filter for serious participants. Employers benefit from higher-quality applications, while candidates gain access to verified opportunities. FlexJobs is best suited for companies hiring remote roles consistently and prioritizing candidate quality over volume.",https://ksfidkucspvcnicgjykt.supabase.co/storage/v1/object/public/uploads/logos/0d2b26ad-14ed-457a-a5b8-9970e246c04b.jpg
Foundation List,foundation-list,https://www.foundationlist.org,Nonprofit & Government,Free for Job Seekers || Around $115–$169 per listing,not_sure,"US nonprofit job board covering foundations, charities, education, and healthcare roles with built-in distribution to major job platforms.",Best for nonprofit and mission-driven hiring|Affordable pricing compared to niche alternatives|Listings syndicated to major job boards|Social media promotion included|Strong US nonprofit audience,Best for nonprofit and mission-driven hiring|Affordable pricing compared to niche alternatives|Listings syndicated to major job boards|Social media promotion included|Strong US nonprofit audience,"Nonprofit Jobs, Charity Jobs, NGO Jobs, Foundation Jobs, Social Impact Jobs, Nonprofit Hiring",,,"Foundation List is a niche job board focused on nonprofit and mission-driven organizations in the United States. It connects employers such as foundations, charities, and healthcare nonprofits with professionals seeking purpose-driven careers. The platform covers roles including program management, fundraising, communications, HR, and leadership positions. It supports both entry-level and executive hiring. A key advantage is its built-in distribution model. Listings are syndicated to major job platforms and promoted via social channels, extending reach beyond the core site without additional cost. Foundation List is best suited for nonprofit organizations looking for cost-effective hiring with targeted reach. It is less suitable for employers needing advanced recruiting tools or global hiring.",https://ksfidkucspvcnicgjykt.supabase.co/storage/v1/object/public/uploads/logos/9f667f19-7936-4fa7-a35f-2dbf1853f59d.jpg
GeekWork,geekwork,https://www.geekwire.com/jobs,Technology & Engineering,Free for job seekers,not_sure,"Tech jobs in the Pacific Northwest. Run by GeekWire, the leading tech news site for Seattle/Portland region.",,,,,,,https://logo.clearbit.com/geekwire.com
Getwork,getwork,https://www.getwork.com,General,Free for job seekers,not_sure,Formerly LinkUp. Pulls real-time listings directly from verified company career pages — no third-party posts.,,,,,,,https://logo.clearbit.com/getwork.com
Glassdoor,glassdoor,https://www.glassdoor.com,General,Contact for pricing,not_sure,"Job search platform combining millions of listings with company reviews, salary data, and workplace insights. Helps job seekers research employers before applying.",Free for job seekers|Salary transparency helps attract informed candidates|Company review system builds employer brand credibility|Large user base with high brand recognition|Useful for researching competitors' compensation,Employer plans can be expensive for small agencies|Review system can be gamed by companies|Less effective for hourly or trade roles|Candidate volume can be lower than Indeed or ZipRecruiter,,,,"Glassdoor is one of the most widely used job search platforms in the US, known for combining job listings with company reviews, salary transparency, and workplace culture insights — all in one place. Unlike pure job boards, Glassdoor gives job seekers a window into what it's actually like to work at a company before they apply. For job seekers, Glassdoor offers access to millions of job listings alongside employee-submitted reviews, interview experiences, and salary data. This combination makes it particularly useful for candidates who want to research a company's culture, compensation benchmarks, and leadership before committing to an application. The platform is free for job seekers with no account required to browse basic listings. For recruiters and employers, Glassdoor operates on a paid model where companies can post jobs, manage their employer brand profile, respond to reviews, and access analytics on how candidates perceive their company. It is most effective for mid to large sized companies that have enough employee reviews to build a credible profile — smaller or newer companies may find limited traction. Glassdoor is best suited for professional and white collar hiring across industries like technology, finance, consulting, healthcare administration, and corporate roles. It is less commonly used for hourly, trade, or entry level positions where platforms like Indeed or Snagajob tend to perform better. One important consideration for recruiters: Glassdoor's value as a hiring tool is closely tied to your company's reputation on the platform. Companies with strong ratings and active employer profiles typically see better candidate quality and application rates.",https://logo.clearbit.com/glassdoor.com
Google for Jobs,google-for-jobs,https://jobs.google.com,General,Free,not_sure,Search layer that aggregates job postings from across the internet directly in Google search results.,,,,,,,https://logo.clearbit.com/google.com
Hcareers,hcareers,https://www.hcareers.com,"Sports, Hospitality & Retail",Free for job seekers; Employer plans vary,not_sure,"Hospitality-focused job board covering hotels, restaurants, resorts, and food service companies.",,,,,,,https://logo.clearbit.com/hcareers.com
Health eCareers,health-ecareers,https://www.healthecareers.com,Healthcare,Free for Job Seekers || Pricing is not publicly Listed. Reach out to site contact directly.,not_sure,"Healthcare-exclusive job board covering physician, nursing, advanced practice, allied health, and healthcare leadership roles. Reaches 1.2 million providers and 3 million nurses nationwide.",Healthcare exclusive — higher quality candidate targeting than general boards|Covers every major medical specialty from physician to allied health|Wide distribution network across medical association job boards|Reaches 3 million nurses — exceptionally strong for nursing recruitment|30+ years of industry presence and brand trust|Useful compensation and location data including cost of living information for candidates considering relocation,Less effective for non-clinical healthcare roles and healthcare IT|Employer pricing not publicly listed — requires direct contact|Smaller overall candidate pool compared to general boards like Indeed|May be cost prohibitive for smaller independent practices or solo recruiters,"Healthcare Recruiters, Staffing Agencies, Hospitals, Health Systems, Travel Nursing Agencies, Medical Groups, Allied Health Hiring, Physician Recruitment, Advanced Practice Hiring",,,"Health eCareers is one of the most established healthcare-specific job boards in the United States, operating exclusively within the healthcare and medical sector for over 30 years. Unlike general job boards that include healthcare as one of many categories, every listing on Health eCareers is healthcare focused — making it a targeted resource for both clinical professionals and healthcare recruiters. The platform covers an exceptionally wide range of healthcare positions across virtually every medical specialty and care setting. Clinical roles include physicians and surgeons across all major specialties — cardiology, neurology, OB/GYN, psychiatry, oncology, and surgery among others. Advanced practice professionals including Nurse Practitioners, Physician Assistants, and CRNAs will find dedicated listings suited to their scope of practice. Nursing roles span from staff RN and LPN/LVN positions through nurse manager, Director of Nursing, and executive level CNO and CMO leadership. Allied health and rehabilitation professionals including physical therapists and licensed therapists are also well represented. Beyond clinical roles the platform covers healthcare administration and business functions including practice administrators, revenue cycle leaders, directors, analysts, and account managers within provider organizations. For healthcare recruiters and staffing agencies, Health eCareers distributes job postings across an extensive network of medical association career centers and partner job boards simultaneously. A single job posting reaches over 1.2 million practicing healthcare providers and approximately 3 million nurses nationwide. This distribution model makes it particularly cost effective for healthcare organizations looking to maximize reach without managing multiple posting platforms. Health eCareers is part of The Everyday Health Group, giving it access to a broader network of over 67 million health consumers and nearly 900,000 practicing US physicians and clinicians. This ownership structure provides the platform with strong brand recognition and deep reach within the professional healthcare community. The platform is best suited for hospitals, health systems, medical groups, and healthcare staffing agencies hiring for clinical and allied health positions. It is less commonly used for non-clinical healthcare roles such as healthcare IT or general administrative support where broader general job boards may offer stronger candidate volume. Explore more healthcare job boards here: Healthcare Job Boards",https://ksfidkucspvcnicgjykt.supabase.co/storage/v1/object/public/uploads/logos/765a56ec-94b5-44bd-a6df-8398f6494e13.jpg
HealthJobsNationwide,healthjobsnationwide,https://www.healthjobsnationwide.com/,Healthcare,Job seekers can use the platform for free. || HealthJobsNationwide follows a credit-based pricing model for healthcare job postings and resume access: 1 Job Credit (30-day listing): $299 3 Job Credits: $499 (non-expiring) 10 Job Credits: $799 (non-expiring) Resume Database Access: 10 resume views: $29 25 resume views: $39 50 resume views: $79 Add-ons & Upgrades: Featured Job Listing: $75 Job Refresh: $75 Custom recruitment packages available via sales,no,"HealthJobsNationwide is a leading U.S. healthcare job board and resume database helping hospitals, staffing firms, and recruiters hire physicians, nurses, and allied health professionals.","Large Healthcare Talent Pool|Access to 500,000+ monthly healthcare visitors and over 1.3 million searchable healthcare resumes, with new candidates added daily.|Built for Healthcare Hiring|A healthcare-only job board covering physicians, nurses, allied health, and administrative roles—ensuring highly relevant candidates.|Supports Recruiters & Staffing Agencies|Unlike many niche job boards, it serves both direct employers and third-party recruiters, making it ideal for healthcare staffing and locum agencies.|Flexible Non-Expiring Job Credits|Employers can purchase job credits that never expire, perfect for agencies with ongoing or fluctuating hiring needs.|All-in-One Hiring Solution|Includes resume database access, applicant tracking tools (ATS), employer branding, and digital marketing options to improve candidate reach.|Industry Recognition & Reviews|Frequently featured in healthcare job board comparisons with an average rating of ~3.9/5, indicating generally positive user feedback.","Higher Pricing vs Competitors|Starting at $299 per job post, it is more expensive than some alternatives like CareerVitals or Healthcare Jobsite.|No Free Job Posting Option|Employers must pay upfront, which may not suit small healthcare practices or startups.|Limited Job Distribution|Standard listings are not automatically syndicated to multiple job boards or social media platforms.|No Built-in Recruiter Training|Lacks training or educational resources for recruiters, which some enterprise users may expect.|Moderate Market Reputation|Limited number of independent reviews and a mid-range rating (~3.9/5) suggest a solid but not top-tier reputation.","Healthcare Job Board, Physician Jobs, Nursing Jobs, Allied Health Jobs, Hospital Careers, Clinic Jobs, Locum Tenens Recruiting, Healthcare Resume Database, Applicant Management System, Third‑Party Healthcare Recruiters, US Healthcare Jobs",,Healthcare Job Board|Physician Jobs|Locum Tenens Physician Jobs|Nurse Practitioner Jobs|Physician Assistant Jobs|Registered Nurse Jobs|LPN LVN Jobs|Travel Nurse Jobs|Physical Therapist Jobs|Occupational Therapist Jobs|Speech Language Pathologist Jobs|Respiratory Therapist Jobs|Pharmacist Jobs|Medical Technologist Jobs|Radiologic Technologist Jobs|Medical Assistant Jobs|CNA Jobs|Hospital Administrator Jobs|Healthcare Executive Jobs|Clinic Manager Jobs|Home Health Nurse Jobs|Telehealth Physician Jobs|Telehealth Nurse Practitioner Jobs.,"HealthJobsNationwide is a specialized healthcare job board focused exclusively on the United States healthcare industry, making it a strong alternative to general job boards. It supports hiring across a wide range of healthcare roles, including physicians, nurse practitioners, registered nurses, allied health professionals, therapists, pharmacists, healthcare executives, and administrative staff. The platform serves both direct healthcare employers and third-party recruiters, making it particularly valuable for healthcare staffing agencies and locum tenens firms. Employers can post jobs using flexible, non-expiring job credits, access a large healthcare resume database, and manage candidates through an integrated applicant tracking system (ATS). To improve job visibility and candidate reach, HealthJobsNationwide also offers featured job postings, resume search packages, and digital marketing solutions. For job seekers, the platform provides access to thousands of U.S. healthcare jobs, resume upload and profile creation tools, company insights, salary trends, and continuing education resources—supporting both immediate job search and long-term career growth in healthcare.",https://ksfidkucspvcnicgjykt.supabase.co/storage/v1/object/public/uploads/logos/60d69b99-40b1-4aab-8e5d-0ab2f577eda9.jpg
HigherEdJobs,higheredjobs,https://www.higheredjobs.com,Education,"Free for Job Seekers || Single Job – $370 Post 1 job for 60 days. Reaches about 1 million faculty, staff, and executives. Job is sent to matching candidates via Job Alert emails. Shown under 200+ job categories to help candidates find it. Job Packs – from $670 Buy 2 or more job postings and save compared to single posts. Use the postings any time within 12 months. Save up to 68% off the regular single‑posting price. Each job runs for 60 days (still one job per posting). Get weekly performance reports on active jobs. Unlimited Posting Plan (Annual) Post unlimited faculty, admin, and executive jobs for 12 months. For non‑profit, accredited institutions only. Includes access to the resume database of 350k+ candidates. Comes with an Institutional Profile to promote your university. Jobs can be automatically pulled from your careers page or ATS. Automated Job Posting Service HigherEdJobs sets up a direct feed from your careers site or ATS. Any job you add, edit, or delete on your side updates automatically on HigherEdJobs. You can choose which jobs are included. Available to all customers (works with Single, Packs, or Unlimited). VIP Position – $995 Designed for senior or critical roles. Graphic display ad on the homepage and targeted search pages, guaranteed 100,000 views. Customized with your logo, colors, and photos. Includes a free Priority Upgrade so your job stays at the top of the list for 14 days. VIP Positions get on average 3x more application clicks compared to standard posts.",not_sure,"HigherEdJobs is a leading niche job board for faculty, staff, and executive roles at universities and colleges in the US and abroad, with 90k+ higher‑ed jobs and rich career resources.","Highly Targeted Niche – Focuses purely on higher‑education careers, attracting faculty, staff, and leadership talent.|Strong Reach In Academia – Hosts 90k+ jobs and draws over a million monthly visitors in the higher‑ed segment.|US And International Coverage – Lists roles at institutions in the US and many other countries, with dedicated international search pages.|Robust Employer Tools – Unlimited posting plan, resume search, institutional profiles, and detailed reporting for ongoing campus hiring.|Value-Add Content – Career advice and employment reports tailored to the academic job market.","Narrow Scope – Not useful for corporate or non‑academic hiring; limited to the higher‑education ecosystem.|Primarily Non-Profit Focus – The most attractive pricing (unlimited plan) is restricted to non‑profit, accredited institutions.|​|Less Networking Functionality – Does not offer the social networking features of platforms like LinkedIn; it is mainly a job board and resource hub.","Higher Education Jobs, University Jobs, College Jobs, Faculty Positions, Academic Administration Jobs, Higher Ed Executive Jobs, Staff And Professional Roles, Tenure-Track And Non-Tenure-Track Roles, US And International Universities, Niche Academic Job Board, Non-Profit Institutions",,,"HigherEdJobs is a specialized higher‑education job board focused on careers at colleges and universities in the United States and internationally. The site features tens of thousands of openings for faculty, staff, and executive leaders, including tenure‑track and non‑tenure‑track professors, academic administrators, student services professionals, and senior roles such as deans, provosts, and presidents. Job seekers can filter roles by position type, discipline, institution type, location (US and international), and remote/hybrid options, making it easy to target academic and campus‑based opportunities. Beyond listings, HigherEdJobs offers higher‑ed‑specific career advice, employment trend reports, and salary information, positioning itself as a go‑to resource for academic careers rather than a generic job site. For institutions, HigherEdJobs provides both single‑posting options and an Unlimited Posting Plan for non‑profit, accredited colleges and universities that hire regularly. Employer tools include institutional profile pages, resume database access, category targeting, and tracking reports, helping HR teams reach a concentrated audience of qualified higher‑ed professionals in multiple countries.",https://ksfidkucspvcnicgjykt.supabase.co/storage/v1/object/public/uploads/logos/5a859f9e-c53b-4d4e-b1d5-e9a92c450445.jpg
Himalayas,himalayas,https://himalayas.app,Remote & Flexible Work,Free for job seekers,not_sure,Modern remote job board with detailed company profiles and timezone-based filtering.,,,,,,,https://logo.clearbit.com/himalayas.app
Hired,hired,https://www.hired.com,Technology & Engineering,Free for job seekers,not_sure,Reverse job board where companies apply to candidates. Focused on tech roles with salary transparency upfront.,,,,,,,https://logo.clearbit.com/hired.com
HospitalRecruiting,hospitalrecruiting,https://www.hospitalrecruiting.com,Healthcare,Free for job seekers; Employer plans vary,not_sure,"Physician, advanced practice, and healthcare executive recruitment platform for hospitals and health systems.",,,,,,,https://logo.clearbit.com/hospitalrecruiting.com
Idealist,idealist,https://www.idealist.org,Nonprofit & Government,"Free for Job Seekers || Non‑US Organizations & Global Volunteer Opportunities: Jobs and volunteer listings are often free or very low cost, especially outside the US/Canada/UK. Nonprofit Organizations & Government Agencies (US/major markets): Jobs: around $145 per 30‑day post. Internships: around $25 per 30‑day post. Consultants & Recruiters: Jobs: around $175 per 30‑day post. Internships: around $35 per 30‑day post. Social Enterprises & Other Businesses: Jobs: around $195 per 30‑day post in the US/Canada/UK, typically cheaper in other regions. Note: Credit packs and discounts are available, and many non‑US jobs plus all global volunteer posts remain free, which is attractive for international NGOs.",not_sure,"Leading global job board and community for nonprofit and social‑impact work, connecting people to jobs, internships, and volunteer roles at mission‑driven organizations.","Highly targeted social‑impact audience – Ideal for nonprofit, NGO, and mission‑driven hiring; you’re not competing with generic corporate noise.|Global reach with strong US presence – 200k+ organizations and millions of users worldwide looking specifically for social‑impact roles.|Jobs, internships, and volunteering in one place – Good for early‑career candidates and career‑switchers testing the nonprofit waters.|Budget‑friendly for nonprofits – Reduced pricing for nonprofits and government agencies, free or low‑cost postings for many international and volunteer roles.|Sector‑specific resources – Nonprofit salary explorer, career advice, and content that helps both job seekers and organizations understand the market.","Not for general corporate hiring – Limited value if you mostly recruit for traditional for‑profit roles.|​|Candidate pool is mission‑driven but mixed in experience – Great for people passionate about impact, but you may still need to screen for hard skills, especially in technical roles.|Less advanced tech than big general boards – Fewer sophisticated ATS‑style features compared to platforms like Indeed or LinkedIn; integrations exist but are more limited.","Nonprofit Job Board, Social-Impact Jobs, NGO Jobs, Charity Jobs, Foundation Jobs, Public Service Jobs, Volunteer Opportunities, Internships In Nonprofits, Mission-Driven Careers, Global Nonprofit Jobs, Remote Nonprofit Jobs, Cause-Based Hiring, Nonprofit Recruiters, Social Enterprise Jobs",,,"Idealist.org is a specialized job board and community focused on nonprofit and social‑impact careers, not general corporate jobs. It connects millions of people who “want to do good” with roles at more than 200,000 organizations worldwide, including charities, NGOs, foundations, social enterprises, and public‑sector agencies. For job seekers and volunteers, Idealist is the place to go if you care about mission‑driven work: nonprofit jobs, internships, remote social‑impact roles, and volunteer opportunities. You can search by cause area (education, environment, human rights, healthcare, etc.), location, remote/hybrid, and job type, and you also get access to a Nonprofit Salary Explorer and career advice tailored to the sector. This makes it much easier to find roles that actually align with your values instead of digging through irrelevant corporate postings on generic job boards. For nonprofits, NGOs, and social‑impact recruiters, Idealist is effectively a go‑to niche board for reaching candidates who already want to work in the sector. You can post jobs, internships, and volunteer roles, highlight your organization profile, and tap into a global audience of people looking specifically for social‑impact opportunities. Idealist offers paid job credits with different price points for nonprofits, government agencies, consultants/recruiters, and social enterprises, while many volunteer and non‑US listings remain free or lower‑cost, which is unusually budget‑friendly for the space. If you are choosing job boards, Idealist.org is a strong fit when your focus is nonprofit and mission‑driven hiring or when you, as a candidate, specifically want to move into social‑impact work. It is not the right tool if you mainly hire or apply for mainstream corporate roles—there Indeed, LinkedIn, or general boards will serve you better.",https://ksfidkucspvcnicgjykt.supabase.co/storage/v1/object/public/uploads/logos/bba75259-e714-49aa-b415-bb26aab682f9.jpg
iHire,ihire,https://www.ihire.com,General,"Public pricing is not clearly displayed on every iHire niche site, but other site reviews of iHire communities show a fairly consistent employer pricing structure starting at $349 per month.",no,"iHire is an industry‑specific job board network with 57 niche sites, helping employers hire targeted talent across sectors, including several specialized communities for US healthcare roles.","Strong industry-specific targeting across 57 talent communities, which can improve relevance compared with general job boards.|Offers a mix of job postings, resume search, candidate matching, employer branding, and recruitment tools rather than only simple job ads.|Useful for employers hiring across multiple verticals because they can access different niche communities under one broader iHire ecosystem.|Aggregation model and AI matching can help expand reach and improve fit beyond direct applicants alone.","iHire’s network model can be confusing because the brand appears as many separate niche sites rather than one clear marketplace.|Public pricing transparency is limited on the main sites, so employers often need third-party review pages or sales interaction to fully compare options.|Starting prices are relatively high for small employers or low-volume recruiters compared with lower-cost niche boards.|Because it blends job board and aggregation elements, employers may need to evaluate lead quality carefully by niche.","Industry Specific Job Boards, Niche Job Board Network, Resume Database, Employer Branding, AI Candidate Matching, Healthcare Job Boards, Technology Job Boards, Engineering Job Boards",Multiple Industry Hiring,iHire job board|iHire pricing|iHire niche job boards|industry specific job boards US|niche recruiting platform|iHire employer pricing|resume database recruiting|AI candidate matching platform|iHire healthcare job boards|iHire talent communities|specialty job board network|targeted recruiting platform|iHire employer review,"iHire is not a single general job board in the traditional sense. It is a network of 57 industry-specific talent communities covering sectors such as healthcare, HR, engineering, technology, social services, manufacturing, and more. Each community has its own niche branding and audience, while sharing iHire’s common platform, recruiter tools, and matching technology. The company’s model combines direct employer job posting, resume database access, and industry-specific audience targeting. iHire also states that it screens thousands of external websites and aggregates jobs from a large number of outside sources, making the platform part niche job board network and part job aggregation system. From an employer perspective, iHire positions itself as a more targeted alternative to general boards. Employers can post jobs into relevant communities, search resumes, use employer branding features, and receive AI-driven matching support. For healthcare and other specialty hiring, this structure helps avoid the low-relevance applicant flow that often comes from broad, non-specialized sites.",https://ksfidkucspvcnicgjykt.supabase.co/storage/v1/object/public/uploads/logos/7961b7d7-464a-49c1-8ce2-8752f5200ad4.jpg
Incredible Health,incredible-health,https://www.incrediblehealth.com,Healthcare,Free for job seekers; Employer plans vary,not_sure,Permanent placement platform for nurses and healthcare professionals. Employers apply to candidates.,,,,,,,https://logo.clearbit.com/incrediblehealth.com
Indeed,indeed,https://www.indeed.com,General,"Free for Job Seekers. || Indeed constantly tweaks pricing, but the current patterns look like this: Free job posts You can post jobs for free, but visibility is limited and they sink in results quickly in competitive markets. Sponsored jobs – PPC / daily budget You set a daily or campaign budget; you pay when candidates click. Recent changes: many markets now enforce higher minimums per job (e.g., guidance around $25/day per job in the US after mid‑2025), so running many roles in parallel can get expensive. ​ Subscription / “Indeed for Employers” type plans Some regions offer subscription packages for ongoing hiring, often starting in the low‑hundreds of dollars per month and scaling with volume and features (resume search, more invites, analytics). Net‑net: Indeed is cheap to test (free posts), but serious reach comes from sponsored campaigns, and those costs need to be managed carefully with good targeting and caps.",not_sure,"Indeed is a global job search and hiring platform that aggregates millions of jobs, offers free and sponsored postings, and uses matching tools for both job seekers and employers.","Massive reach and aggregation – Pulls in jobs from many sources and has huge candidate traffic, so both sides see a lot of options.|Free and paid mix – You can start with free postings and then sponsor only the roles that really need a boost.|Tools for both sides – Job alerts, salary data, and reviews for candidates; invites to apply, resume search, and assessment visibility for employers.|Strong for high‑volume roles – Particularly effective for frontline, hourly, and mid‑skill corporate jobs where you need lots of applicants quickly.","Costs can escalate – To get enough qualified traffic, you often need to sponsor jobs at higher daily budgets; this adds up quickly across many roles.|Mixed applicant quality – High volume means you must filter; senior or niche roles often get many mismatched applicants.|Competitive environment – In hot markets, many employers sponsor similar jobs, so you have to bid and write better ads to stand out.|Not ideal alone for executive/niche – For director+ or highly specialized technical roles, you usually need niche boards and LinkedIn in addition.","General Job Board, Global Job Board, Job Search Engine, Aggregator And Job Board, High-Volume Hiring, Pay-Per-Click Job Ads, Free Job Posting, Resume Database, Staffing Agencies, In-House Recruiters, Corporate Jobs, Hourly Jobs, Remote Jobs, International Jobs, Candidate Matching Platform",,,"Indeed is the largest general job search and hiring platform in the world, operating in 60+ countries and delivering a big share of online hires in the US and other major markets. It works as both a job aggregator (pulling jobs from company sites, staffing agencies, and other boards) and a job board (where employers post directly), which is why you see so much volume when you search. For job seekers, Indeed is usually the best starting point if you want to see “almost everything in one place”: corporate, healthcare, hourly, remote, and part‑time jobs across levels. You can upload your resume, set up alerts, and get personalized recommendations based on your searches and profile, plus see company reviews and salary information to help you decide where to apply. It’s especially useful for entry‑ to mid‑level roles and high‑volume job categories, where there are lots of openings and quick response cycles. For staffing agencies and in‑house recruiters, Indeed is essentially the default performance job board: you get free organic visibility for some jobs, then pay to “sponsor” postings for more clicks and higher placement in search results. Sponsored jobs run on a pay‑per‑click (PPC) or budget model, and you can manage campaigns, invite candidates to apply, and search resumes from a large talent pool. Thanks to its reach and aggregation, Indeed is often where you get the largest volume of applicants per dollar for mainstream roles—if you tune your campaigns and job descriptions properly.",https://ksfidkucspvcnicgjykt.supabase.co/storage/v1/object/public/uploads/logos/49cdfb56-57a5-48d5-97ab-ef2afda24775.jpg
Intelligence Careers,intelligence-careers,https://www.intelligencecareers.gov,Security & Government Clearance,Free,not_sure,"Official US intelligence community career portal covering CIA, NSA, DIA, and related agencies.",,,,,,,https://logo.clearbit.com/intelligencecareers.gov
JournalismJobs.com,journalismjobs,https://www.journalismjobs.com,Creative & Media,Free for job seekers; Employer plans vary,not_sure,"Dedicated job board for journalism, editorial, broadcasting, and digital media professionals.",,,,,,,https://logo.clearbit.com/journalismjobs.com
Juicebox,juicebox,https://juicebox.ai/,Technology & Engineering,"Pricing (Employer / Recruiter) Free Plan – Limited access Starter – $139/user/month Growth – $199/user/month Juicebox Agents – $199/agent/month (Add-on) (Includes credits, outreach tools, and AI features depending on plan)",yes,"AI-powered recruiting platform enabling natural-language candidate search, outbound sourcing, and talent insights built for recruiters and staffing teams, not traditional job posting.","Natural-language search replaces Boolean complexity|Strong fit for staffing agencies and outbound recruiting|Combines sourcing, outreach, and workflow tools|Talent insights improve hiring decisions|AI agents enable automation and scalability|Transparent pricing with free entry option",Not a traditional job board (no inbound applicant flow)|Pricing scales quickly for larger teams|Credit-based system can limit heavy sourcing usage|Advanced features tied to higher tiers|Learning curve for non-tech-savvy recruiters,"AI Recruiting Platform, Candidate Sourcing Platform, Talent Search Tool, Recruiting Intelligence Platform, Natural Language Search, Staffing Agency Recruiting Tool, Talent Discovery Platform, Recruiter Sourcing Software, AI Hiring Tool, Outbound Recruiting Platform","Staffing agencies doing outbound sourcing, Recruiters hiring passive candidates, Startups needing fast hiring without la",Juicebox PeopleGPT|PeopleGPT recruiting platform|AI recruiting platform|AI sourcing tool for recruiters|candidate sourcing platform|recruiter search software|natural language talent search|staffing agency sourcing tool|recruiting intelligence platform|AI recruiter software|outbound recruiting platform|recruiter CRM sourcing|passive candidate sourcing tool|recruiting automation platform|talent search software|Juicebox pricing|PeopleGPT pricing|AI hiring platform for recruiters|sourcing tools for staffing agencies,"Juicebox PeopleGPT is an AI-powered candidate sourcing platform designed to help recruiters discover and engage talent using natural-language search instead of traditional Boolean queries. Unlike conventional job boards that depend on job postings and inbound applications, it focuses on proactive recruiting, giving access to a large dataset of candidate profiles. This makes it especially valuable for staffing agencies, recruiters, and hiring teams that rely on outbound sourcing to find qualified candidates. The platform’s core strength lies in its natural-language search capability, allowing recruiters to describe ideal candidates in plain English rather than building complex search strings. This reduces the dependency on advanced sourcing skills, speeds up the hiring process, and improves match quality by understanding intent and context. As a result, recruiters can focus more on engagement and less on search mechanics, significantly improving recruiter productivity. Beyond sourcing, Juicebox PeopleGPT offers talent intelligence and market insights, including data on skill distribution, location trends, and candidate experience levels. These insights help teams with talent mapping, workforce planning, and strategic hiring decisions, positioning the platform as more than just a sourcing tool. It effectively acts as a recruiting intelligence layer for data-driven hiring. The platform also includes end-to-end recruiting workflow features such as contact and export credits, AI-powered outreach, project management tools, and AI agents for automation. These capabilities allow recruiters to manage pipelines, automate repetitive tasks like shortlisting and outreach, and scale hiring efforts efficiently. Overall, Juicebox PeopleGPT fits best as an AI recruiting platform and sourcing tool, rather than a traditional job board focused on inbound applications.",https://ksfidkucspvcnicgjykt.supabase.co/storage/v1/object/public/uploads/logos/1a68c786-d146-4541-9338-16647a3abbf9.jpg
Ladders,ladders,https://www.theladders.com,General,Subscription from $27.99/mo for job seekers,not_sure,Specializes in $100K+ professional roles. Connects experienced professionals with senior positions.,,,,,,,https://logo.clearbit.com/theladders.com
LawCrossing,lawcrossing,https://www.lawcrossing.com,Legal,Start with the intro offer: $5 for 4 weeks. Then $29/month. || Paid membership for full access; fees and promotions change regularly. Check the LawCrossing website for current subscription options.,no,"LawCrossing is a subscription‑based legal job board that aggregates virtually every legal job it can find, giving lawyers, law students, and legal staff one central place to search.","Extremely broad legal coverage – Actively aggregates legal jobs from 10,000+ sites and other sources; more comprehensive than typical public boards.|Pure legal focus – Built only for legal roles: attorneys, law students, paralegals, compliance, in‑house counsel, etc.|Not dependent on employer ads – Indexes roles even when employers are not paying to post, which means more hidden or hard‑to‑find listings.|Good for serious job seekers – Paid access tends to filter for candidates who are actively invested in a legal career search.","Not free for candidates – You usually need a paid subscription to see full job details and use the platform properly.|Interface and UX feel old‑school – The site is more about volume and aggregation than modern UX or networking features.|Less useful outside legal – Pure niche: if you’re not in the legal field, it offers no value.|Overlap with other sources – Some jobs still come from big public boards, so you’ll see duplicates if you’re using multiple platforms.","Legal Job Board, Attorney Jobs, Law Student Jobs, Paralegal Jobs, In-House Counsel Jobs, Law Firm Careers, Legal Compliance Jobs, Legal Research Service, Subscription Job Board, US Legal Jobs, Global Legal Jobs",,,"LawCrossing is a niche job board focused 100% on legal careers. Instead of just hosting employer‑posted ads, it acts like a research service: a large team of analysts and crawlers searches law firm sites, in‑house legal pages, government portals, and other boards to pull together “every legal job they can find” into one database. That’s why schools like Yale describe it as a legal job‑opening research institution rather than a typical public job board. For job seekers (attorneys, law students, paralegals, compliance and legal operations staff), the main value is coverage and time‑saving. Instead of checking dozens of firm sites and government portals, you log in once and search across postings that have been gathered and standardized for you. Because LawCrossing doesn’t depend on employer ads for revenue, it also includes many roles that never hit the usual commercial boards. The trade‑off is that it’s a paid membership site for candidates, so you’re paying for breadth and aggregation, not for a fancy social layer. For employers and recruiters, LawCrossing is a bit different from Indeed or LinkedIn: it does not rely on employer ad revenue as its core model and says it “doesn’t accept a cent” from employers for basic inclusion in its research index. That means many of your open roles may already appear there just because their team has scraped and indexed them. There are paid employer options, but the platform is primarily marketed around job‑seeker subscriptions and unbiased coverage of legal jobs, which is attractive if you want your roles seen by serious, paying candidates who have invested in a legal‑specific search tool.",https://ksfidkucspvcnicgjykt.supabase.co/storage/v1/object/public/uploads/logos/9bd45e6b-eef7-4069-81aa-8e458bb6eb24.jpg
Lawyer.com Jobs,lawyer-com-jobs,https://www.lawyer.com,Legal,Free for job seekers,not_sure,Attorney and legal professional job board with listings from law firms and in-house legal departments.,,,,,,,https://logo.clearbit.com/lawyer.com
LinkedIn Jobs,linkedin-jobs,https://www.linkedin.com/jobs,General,"LinkedIn Jobs is free for job seekers to search and apply; you only pay if you choose optional LinkedIn Premium features. || LinkedIn pricing has two main layers: job ads and sourcing tools. Job posts You can create free job posts, but reach is limited in competitive markets. To get more visibility, you set a daily budget and run promoted job ads (PPC model). Typical benchmarks: Minimum daily budget: about $7–$10/day per job. ​ Average cost‑per‑click (CPC): roughly $1.50–$4.50, higher in hot tech/metro markets. ​ Average cost per applicant: $1–$8, with a US average around $2.83. ​ LinkedIn Recruiter (for sourcing) LinkedIn Recruiter Corporate: about $8,999 per seat per year (~$750/month) as of 2026. ​ Agency‑oriented Recruiter Professional Services: typically $800–$1,080 per month ($9,600–$12,960 annually) per seat, with custom pricing and some volume discounts.",no,"LinkedIn Jobs is a job board built into the world’s largest professional network, combining job ads, profiles, and networking to match employers with active and passive candidates.","Access to passive candidates – You’re not limited to active job seekers; you can source from a huge pool of professionals who may be open to the right move.|Rich candidate profiles – Work history, skills, recommendations, and mutual connections give far more context than a resume alone.|Strong for professional and leadership roles – Often the top‑performing channel for white‑collar, specialist, and management hiring.|Employer branding built in – Company pages, posts, and employee activity all support your jobs and improve response rates.","High competition for attention – Many employers fight for the same talent; your job can be buried without a good budget or strong brand.|Can be expensive for heavy users – Promoted jobs and LinkedIn Recruiter licenses are not cheap, especially for agencies needing multiple seats.|Less suited to hourly or very high‑volume frontline roles – Other boards often deliver more volume at lower cost for entry‑level or hourly jobs.|Learning curve – To get real value, recruiters must know how to build effective searches, write targeted InMails, and measure campaign performance.","Professional Networking Platform, Job Board And Network, White-Collar Jobs, Management And Leadership Jobs, Passive Candidate Sourcing, LinkedIn Recruiter, Employer Branding, Corporate Hiring, Staffing Agencies, In-House Recruiters, Tech And IT Jobs, Finance And Consulting Jobs, Marketing And Sales Jobs, Global Job Board, Social Recruiting",,,"LinkedIn Jobs is both a job board and a professional networking platform, which makes it very different from stand‑alone sites like Indeed or Monster. Employers post jobs and search profiles; candidates apply, but they also build a public professional brand that recruiters can discover even if they never click “apply.” For job seekers, LinkedIn Jobs is strongest if you are targeting white‑collar, professional, and knowledge‑worker roles: tech, finance, marketing, HR, consulting, operations, and leadership jobs. You search via the Jobs tab, filter by title, location, salary, remote/hybrid, and see who you know at the company, while your profile, activity, and connections all feed into how visible you are. This means you’re not just applying; you’re also being sourced based on keywords, skills, and your network. For staffing agencies and in‑house recruiters, LinkedIn is primarily a sourcing and branding platform with a job‑board surface. You can: | Post jobs (free or promoted) to tap into active applicants. | Use LinkedIn Recruiter or similar tools to search the full network, send InMails, and build talent pipelines (especially for passive candidates). | Leverage company pages, posts, and employee networks to boost employer brand and referral traffic. In real hiring operations, LinkedIn Jobs tends to deliver the best ROI for professional, managerial, and hard‑to‑fill specialist roles, while high‑volume entry‑level/hourly roles often perform better on general boards.",https://ksfidkucspvcnicgjykt.supabase.co/storage/v1/object/public/uploads/logos/4da2b58b-b6b8-41ab-a151-9e6be4ce7add.avif
Logistics Management Jobs,logistics-management-jobs,https://www.logisticsmgmt.com/jobs,Logistics & Supply Chain,Free for job seekers,not_sure,"Supply chain, logistics, and operations job board from Logistics Management magazine.",,,,,,,https://logo.clearbit.com/logisticsmgmt.com
Mediabistro,mediabistro,https://www.mediabistro.com,Creative & Media,"Free for Job Seekers || Current Mediabistro pricing has moved to monthly subscription plans, with job packs also available: Starter – $199/month Post 1 job each month, stays active 30 days. Featured employer profile, ATS/career‑site auto‑sync, live support. ​ Boutique – $349/month Post 3 jobs each month, 30 days active. Featured employer profile, ATS/career‑site auto‑sync, live support. ​ Growth – $799/month (Unlimited) Unlimited jobs each month (for direct employers only). 30‑day listings, featured employer profile, ATS/career‑site auto‑sync, live support. ​ They also mention one‑time job posts and custom job packs; older per‑post pricing was around $297 for a single job and up from there for packs. For agencies posting at scale or doing programmatic distribution, Mediabistro offers custom volume pricing.",not_sure,"Mediabistro is a niche job board and community for media, marketing, and creative professionals, offering vetted roles plus courses, career advice, and employer branding tools.","Highly targeted creative audience – Built specifically for media, marketing, and creative professionals; less irrelevant traffic than general job boards.|National reach with niche depth – Strong for US‑based roles in journalism, content, marketing, design, and production.|Flexible employer plans – Monthly subs, job packs, and unlimited posting options; AI‑assisted matching and analytics on higher tiers.|Value‑add for job seekers – Career content, resume services, courses, and pitch guides tailored to media and creative careers.","Not budget‑tier pricing – Single posts and plans are more expensive than some smaller niche boards (e.g., JournalismJobs.com).|Niche‑only – Great if you hire or work in media/creative; not useful for roles outside those industries.|Job credits are time‑limited – Some plans/job packs have credits that expire if not used within a set period (e.g., 30 days).","Media Job Board, Marketing Jobs, Creative Jobs, Journalism Jobs, Publishing Jobs, Content And Copywriting Jobs, Social Media Jobs, Advertising And PR Jobs, Design And Video Production Jobs, US Media Careers, Niche Creative Job Board, Employers In Media And Marketing",,,"Mediabistro is a specialized job board for media, marketing, and creative careers, not a general site. It focuses on roles in journalism, publishing, content, social media, advertising, PR, design, video, and related creative fields. For job seekers, this means your search results are mostly on‑target media and creative jobs, instead of wading through irrelevant general postings. For candidates, Mediabistro is useful if you work as a writer, editor, content marketer, social media manager, producer, designer, PR/communications pro, or similar creative. You can browse jobs, follow employers, and tap into career advice and learning resources designed specifically for media and creative work. Their MB membership and courses add value if you want to sharpen pitching, portfolio, or industry‑specific skills. For employers and staffing agencies, Mediabistro is a way to skip a lot of unqualified traffic from general job boards and go straight to a pool of media and creative professionals. They offer monthly job‑posting subscriptions, job packs, and an unlimited plan, plus options like AI‑driven candidate matching and employer‑branding content through their in‑house studio. It’s especially useful if you hire regularly for content, marketing, and media roles and want candidates who already speak the industry language.",https://ksfidkucspvcnicgjykt.supabase.co/storage/v1/object/public/uploads/logos/96a48c6a-e6a6-429d-86d9-c22de7f713e7.jpg
Monster,monster,https://www.monster.com,General,"Free for Job Seekers || Monster Free – $0 1 active job every 30 days. Up to 3 applicants per job. Appears on website and mobile app. ​ Monster+ Standard – from about $8/day (PPC) Pay‑per‑click on job ads. Distribution across Monster, CareerBuilder, and partner network. Monster+ Pro – around $299/month (or ~$2,990/year) Promoted postings plus resume search. Monthly “Monster Credits” to spend on ad boosts and resume views. Candidate messaging and unlimited users on the account. Enterprise / custom plans Volume‑based pricing, deeper ATS integrations, and strategic support for high‑volume recruitment.",not_sure,"Monster is a long‑standing, international general job board where candidates search millions of jobs and recruiters use postings, resume search, and AI tools for high‑volume hiring.","Big, international reach – One of the longest‑running global job boards, with candidates and jobs across many countries and industries.|Good for mainstream roles – Strong for common corporate and skilled blue‑collar roles where you want volume (admin, sales, CS, logistics, healthcare support, etc.).|Resume database and alerts – Recruiters can search resumes, and both sides receive email alerts about new jobs or matching profiles.|Network distribution – Sponsored jobs can be promoted not just on Monster but also on CareerBuilder and partner sites, extending reach from one buy.|Flexible employer plans – Mix of free, PPC, and Pro/Enterprise options, so you can start small and scale if ROI is there.","Not the cheapest for serious use – While there is a free tier, meaningful hiring typically requires paid plans, which can be pricey for small teams.|Quality can be mixed – For specialized or senior roles, you may see a high volume of unqualified applicants and need to filter heavily.|Less modern UX than some newer competitors – Some users feel the interface and filters lag behind newer job platforms (e.g., salary/experience filters).|No true free posting at scale – Free plan limits (1 job, 3 applicants) are restrictive for agencies or active TA teams","General Job Board, International Job Board, US Job Board, Corporate Jobs, Blue-Collar Jobs, High-Volume Hiring, Resume Database, AI Matching, Staffing Agencies, In-House Recruiters, Job Posting Network, Administrative Jobs, Sales Jobs, Customer Service Jobs, Logistics Jobs, Healthcare Support Jobs, IT And Office Jobs, Job Search Platform, Recruiting Platform",,,"Monster is one of the original global job boards, now positioned as a general job search and recruitment platform for a wide range of roles and industries. Job seekers use Monster to search and apply to jobs, upload resumes, and get alerts, while staffing agencies and in‑house recruiters use it to post jobs, search resumes, and tap into AI‑driven matching and promotion tools. For candidates, Monster is most useful if you’re looking for corporate, office, or skilled blue‑collar roles: admin, sales, retail, logistics, warehouse, healthcare support, tech and IT, and general professional jobs. You can search by keyword and location, upload a resume so recruiters can find you, set up job alerts, and apply via web or the mobile app. Monster also offers resume‑builder tools and basic career advice, but its real value is that recruiters actively source from its resume database, so a keyword‑optimized profile can generate inbound interest. For staffing agencies and internal TA teams, Monster is best thought of as a job ad plus resume‑sourcing engine. You can run job ads that are distributed across Monster, CareerBuilder, and a partner network, then use resume search and “Monster Credits” to promote jobs and unlock candidate profiles. It works well for high‑volume or recurring roles where you need a steady stream of applicants and are willing to mine a large, mixed‑quality database. Monster is not the best choice if your focus is very niche or executive search; in those cases you tend to see more noise and fewer highly specialized profiles compared to vertical job boards or LinkedIn. But if you’re doing mainstream, recurring hiring and you actually use the resume and promotion tools, Monster can still be a useful part of a multi‑board strategy.",
NALP Job Board,nalp-job-board,https://www.nalp.org,Legal,Member access,not_sure,National Association for Law Placement job board. Focused on law student and attorney career development.,,,,,,,https://logo.clearbit.com/nalp.org
Nature Jobs,nature-jobs,https://www.nature.com/naturecareers,Science & Research,Free for job seekers; Employer plans vary,not_sure,Global science job board from Nature Publishing Group. Strong in academic and research positions.,,,,,,,https://logo.clearbit.com/nature.com
New Scientist Jobs,new-scientist-jobs,https://www.newscientistjobs.com,Science & Research,Free for job seekers,not_sure,"Science, technology, and engineering job board from New Scientist magazine.",,,,,,,https://logo.clearbit.com/newscientistjobs.com
NursingJobs.com,nursingjobs,https://www.nursingjobs.com,Healthcare,Free for job seekers,not_sure,"Dedicated nursing job board covering RN, LPN, NP, and travel nursing positions nationwide.",,,,,,,https://logo.clearbit.com/nursingjobs.com
PracticeLink,practicelink,https://www.practicelink.com,Healthcare,Free for job seekers; Employer subscription,not_sure,Physician and advanced practice provider recruitment platform. Trusted by hospitals and health systems.,,,,,,,https://logo.clearbit.com/practicelink.com
PracticeMatch,practicematch,https://www.practicematch.com/,Healthcare,Contact for pricing,not_sure,"PracticeMatch is a US healthcare recruitment platform focused on physicians and advanced practitioners, offering job postings, candidate databases, and sourcing tools for hospitals and health systems.","Strong focus on physician and advanced practitioner hiring, making it highly relevant for specialized roles|Access to large and structured candidate databases with detailed filtering options|Combines job board, sourcing, and outreach tools in one platform|Established presence among hospitals and health systems, which can improve candidate response",Pricing is not publicly available and typically requires direct engagement for quotes|More aligned with in-house hospital recruitment teams than third-party staffing agencies|May be a heavier solution for smaller teams or low-volume hiring needs,"Physician Job Board, Physician Recruitment Platform, Healthcare Recruitment, Advanced Practitioner Jobs, Hospital Hiring, Physician Sourcing",,Physician Jobs|Doctor Jobs|MD Jobs|DO Jobs|Physician Job Board USA|Physician Recruitment Platform|Physician Database|Advanced Practitioner Jobs|Nurse Practitioner Jobs|NP Jobs|Physician Assistant Jobs|PA Jobs|Hospitalist Jobs|Internal Medicine Jobs|Family Medicine Jobs|Specialist Physician Jobs|Healthcare Recruitment Platform|Physician Sourcing Tools|US Healthcare Job Boards,"PracticeMatch is a well-established healthcare recruitment platform designed primarily for hospitals, health systems, and in-house recruitment teams. It focuses heavily on physician and advanced practitioner hiring, covering specialties across the US. The platform combines multiple capabilities in one place, including a job board, access to large physician and APP (advanced practice provider) databases, and tools to support sourcing and outreach. Recruiters can search candidates based on specialty, location, training background, and availability, making it easier to identify relevant profiles quickly. In addition to job postings and database access, PracticeMatch offers features like email campaigns, recruitment marketing support, and both virtual and in-person career fairs. These tools are particularly useful for organizations looking to build long-term pipelines rather than rely solely on external staffing partners. Because of its long presence in the market, PracticeMatch is widely recognized among healthcare organizations, especially those building internal physician recruitment capabilities. Explore more healthcare job boards here: Healthcare Job Boards",https://ksfidkucspvcnicgjykt.supabase.co/storage/v1/object/public/uploads/logos/ea5b749b-356c-4bdc-a9b2-9772b5f5c8d9.jpg
Product Hunt Jobs,product-hunt-jobs,https://www.producthunt.com/jobs,Startups & Tech,Free for job seekers,not_sure,Job board from the product discovery community. Strong in product management and early-stage startup roles.,,,,,,,https://logo.clearbit.com/producthunt.com
Remote OK,remote-ok,https://remoteok.com,Remote & Flexible Work,Free for job seekers; Employer plans vary,not_sure,"Large remote job aggregator popular with developers, designers, and digital marketers.",,,,,,,https://logo.clearbit.com/remoteok.com
Remote.co,remote-co,https://remote.co,Remote & Flexible Work,Free for job seekers,not_sure,"Curated remote job board with resources, company profiles, and Q&As about remote work culture.",,,,,,,https://logo.clearbit.com/remote.co
Remotive,remotive,https://remotive.com,Remote & Flexible Work,Free for job seekers; Employer plans from $299,not_sure,Curated remote tech and marketing job board with an active community newsletter.,,,,,,,https://logo.clearbit.com/remotive.com
SchoolSpring,schoolspring,https://www.schoolspring.com,Education,Free for job seekers; Employer plans vary,not_sure,"K-12 education job board connecting teachers, administrators, and support staff with schools.",,,,,,,https://logo.clearbit.com/schoolspring.com
Science Careers,science-careers,https://www.sciencecareers.org,Science & Research,Free for job seekers,not_sure,"Published by AAAS/Science magazine. Covers academic, industry, and government science positions.",,,,,,,https://logo.clearbit.com/sciencecareers.org
SimplyHired,simplyhired,https://www.simplyhired.com,General,Free,not_sure,"Aggregates jobs from across the web with a clean, fast interface and salary comparison tools.",,,,,,,https://logo.clearbit.com/simplyhired.com
Smashing Magazine Jobs,smashing-magazine-jobs,https://www.smashingmagazine.com/jobs,Technology & Engineering,Free for job seekers,not_sure,"Design and frontend development focused. Popular with UX designers, frontend devs, and digital creatives.",,,,,,,https://logo.clearbit.com/smashingmagazine.com
Snagajob,snagajob,https://www.snagajob.com,General,Free for job seekers; Employer plans vary,not_sure,"Focused on hourly and shift work. Popular in retail, restaurant, hospitality, and healthcare.",,,,,,,https://logo.clearbit.com/snagajob.com
Stack Overflow Jobs,stack-overflow-jobs,https://stackoverflow.com/jobs,Technology & Engineering,Free for job seekers,not_sure,Developer-focused job board backed by the world's largest programming Q&A community.,,,,,,,https://logo.clearbit.com/stackoverflow.com
Startup Jobs,startup-jobs,https://startup.jobs,Startups & Tech,Free for job seekers; Employer plans vary,not_sure,Curated job board for startup and growth-stage company positions across all functions.,,,,,,,https://logo.clearbit.com/startup.jobs
Supply Chain Jobs,supply-chain-jobs,https://www.supplychainjobs.com,Logistics & Supply Chain,Free for job seekers,not_sure,"Dedicated job board for supply chain, procurement, warehousing, and transportation professionals.",,,,,,,https://logo.clearbit.com/supplychainjobs.com
Talent.com,talent-com,https://www.talent.com,General,Free basic; Paid options available,not_sure,Global job portal with strong US presence. Aggregates from multiple sources with salary insights.,,,,,,,https://logo.clearbit.com/talent.com
Teachers-Teachers.com,teachers-teachers,https://www.teachers-teachers.com,Education,Free for job seekers,not_sure,"Specialized job board for K-12 teachers, substitute teachers, and school administrators.",,,,,,,https://logo.clearbit.com/teachers-teachers.com
TeamWork Online,teamwork-online,https://www.teamworkonline.com,"Sports, Hospitality & Retail","Free account: Browse jobs, create a profile, apply, and set job alerts. MVP Access (optional): $5/month + $59.99 one-time activation fee ($64.99 total to start). Activation fee is waived for students at TeamWork U partner schools. || Pricing is not publicly listed. You schedule a demo and get a tailored plan based on your organization and hiring volume.",no,"TeamWork Online is the leading recruiting platform and professional network for sports and entertainment, connecting 8.5M+ candidates with 1,500+ organizations including major pro leagues.","Pure sports and entertainment focus – No irrelevant jobs; every listing is related to sports, college athletics, live events, or sports tech.|Trusted by major leagues – Used by 85% of NBA, NFL, MLB, MLS, and NHL teams, plus minor leagues, agencies, and colleges.|​|More than a job board – Includes ATS, sourcing tools, career fairs, networking events, and education partnerships (600+ colleges).|Huge specialized candidate pool – 8.5M+ candidates, 30K+ new jobs per year, 200K+ candidates hired over 25 years.|Free core access for candidates – You can search, profile, and apply without paying anything.","Niche‑only – Zero value outside the sports and entertainment industry.|Employer pricing is opaque – No public pricing; you must go through a demo and sales process, which can feel slow for smaller teams.|MVP Access can feel pricey for students – $64.99 upfront is a significant sum for a candidate who may only be testing the waters.|Less useful for non‑sports employers – Even if you have a sports division within a larger company, the platform is designed around sports as the core business.","Sports Job Board, Entertainment Jobs, Sports And Live Events Hiring, NBA Jobs, NFL Jobs, MLB Jobs, MLS Jobs, NHL Jobs, College Athletics Jobs, Sports Marketing Jobs, Ticket Sales Jobs, Sports Operations Jobs, Sports Technology Jobs, Arena And Facility Jobs, Sports Media Jobs, Sports Business Careers",,,"TeamWork Online is the #1 job board and recruiting system built specifically for sports and entertainment careers. Unlike general job boards, it focuses entirely on hiring within sports teams, leagues, arenas, agencies, college athletics, sports tech, media, and live events. It's trusted by 85% of NBA, NFL, MLB, MLS, and NHL teams, making it the go‑to platform if you want to work in—or hire for—the sports industry. For job seekers, TeamWork Online is useful if you want to work in any part of the sports business: ticket sales, marketing, analytics, operations, communications, content, facilities, college athletics, or esports. You can create a profile, apply to jobs, set alerts, and attend career fairs and networking events across the US. Their MVP Access subscription ($5/month + $59.99 one-time activation fee, waived for TeamWork U school students) gives you extra tools like insider coaching, event discounts, and a resource library to improve your chances of getting hired. The core job search and profile creation are free—MVP is optional. For employers and staffing agencies, TeamWork Online is more than a job board—it's a full recruiting system. You get a custom career portal, an ATS built for sports roles, precision sourcing tools that integrate with LinkedIn and Indeed, automated outreach to right-fit candidates, and access to 8.5M+ specialized profiles. They also host 100+ annual career fairs and networking events where you can meet candidates face‑to‑face. Employer pricing is not publicly listed—you request a demo and get a custom license based on your organization size and hiring needs.​ If you're choosing job boards and your focus is sports or entertainment hiring (whether as a candidate or employer), TeamWork Online is essentially a must‑use. There's no direct equivalent for the sports industry. The downside is that it's sports‑only, so it's not useful for non‑sports roles at all.",https://ksfidkucspvcnicgjykt.supabase.co/storage/v1/object/public/uploads/logos/04895411-7c5a-4423-b217-89bfd12d2b4a.jpg
TechLadies,techladies,https://www.techladies.co,Technology & Engineering,Free,not_sure,Job board focused on women in tech. Curated listings from companies committed to diversity in engineering.,,,,,,,https://logo.clearbit.com/techladies.co
The Muse,the-muse,https://www.themuse.com,General,Free for job seekers; Employer plans vary,not_sure,"Career portal combining job listings with company culture profiles, career advice, and skill-building.",,,,,,,https://logo.clearbit.com/themuse.com
Therapist.com,therapist-com,https://www.therapist.com,Healthcare,Free for job seekers,not_sure,"Mental health and therapy job board covering psychologists, LCSWs, counselors, and social workers.",,,,,,,https://logo.clearbit.com/therapist.com
TravelNurseSource,travelnursesource,https://www.travelnursesource.com/,Healthcare,"TravelNurseSource does not publicly display standardized pricing on its website. Employers and staffing agencies generally work directly with the platform through partnerships, job feed integrations, or sales-led agreements to distribute their job listings. Pricing structures may vary depending on volume, integration needs, and level of visibility within the platform.",not_sure,"TravelNurseSource is a US job board focused on travel nursing, aggregating assignments from multiple agencies and helping RNs find short-term contracts across locations and specialties.","Highly focused on travel nursing, attracting candidates who are already interested in contract-based roles|Marketplace model provides exposure to nurses browsing opportunities across multiple agencies|Additional features like hospital and agency directories, along with recruiter reviews, help build trust and credibility|Job listings highlight important details such as pay packages, stipends, and contract specifics, improving candidate engagement and application quality","Limited to travel nursing roles, making it unsuitable for agencies hiring for allied health, permanent positions, or non-RN roles|Competition can be high since multiple agencies list similar roles on the same platform, requiring stronger branding and competitive pay packages|Pricing details are not clearly published, and agencies typically need to engage directly with the platform for access or integrations","Travel Nursing Jobs, Travel Nurse Job Board, Travel RN Jobs, Travel Nursing Agencies, Travel Nurse Contracts, Travel Nurse Assignments, Travel Nurse Recruiter Reviews, Travel Nursing Careers",,Travel Nurse Jobs|Travel RN Jobs|Travel Registered Nurse Jobs|Travel Nursing Jobs in USA|High Paying Travel Nurse Jobs|Med Surg Travel Nurse Jobs|ICU Travel Nurse Jobs|ER Travel Nurse Jobs|OR Travel Nurse Jobs|Telemetry Travel Nurse Jobs|Long Term Care Travel Nurse Jobs|Travel Nurse Contracts|Travel Nurse Assignments|Weekly Pay Travel Nursing|Travel Nursing Agencies|Travel Nurse Recruiter Reviews|Travel Nursing Job Board|Travel Nursing Salary Guide,"TravelNurseSource is designed specifically for travel nursing and does not cater to permanent or broader healthcare roles. The platform acts as a marketplace that brings together job listings from multiple travel nurse agencies, allowing registered nurses to explore assignments from different employers in one place instead of visiting individual agency websites. The site features opportunities across the United States, ranging from large urban hospitals to smaller regional facilities. Job listings typically include key details such as weekly pay, housing stipends, bonuses, contract duration, and shift information, which are critical factors for travel nurses when evaluating opportunities. In addition to job listings, TravelNurseSource provides resources like hospital directories, agency listings with recruiter feedback, salary insights, and educational content about travel nursing. These features help nurses make informed decisions about assignments and agencies, while also giving staffing firms an opportunity to strengthen their visibility and reputation within the travel nursing community. For staffing agencies, the platform serves both as a distribution channel for job postings and a branding tool within the travel nursing ecosystem.",https://ksfidkucspvcnicgjykt.supabase.co/storage/v1/object/public/uploads/logos/e61b3427-c9cf-4be6-91f9-53f9e93e9711.jpg
USAJOBS,usajobs,https://www.usajobs.gov,Nonprofit & Government,Free,not_sure,"Official US federal government job board. Lists 50,000-200,000 federal positions at any given time.",,,,,,,https://logo.clearbit.com/usajobs.gov
Vivian (formerly NurseFly),vivian,https://www.vivian.com,Healthcare,Free for nurses and other clinicians. || Introductory Prices Starts from $5000/month and models are either Pay-per application or subscriptions based.,no,"Vivian Health is a transparent healthcare jobs marketplace for nurses and allied health pros, offering staff, travel, per diem, and local contracts with upfront pay info across the US.","Transparent pay ranges shown on most jobs, so clinicians can quickly compare offers and avoid low‑ball rates.|Strong focus on nurses and allied health, with staff, travel, per diem, and local contracts across the US.|Large, aggregated marketplace pulling jobs from many staffing agencies and health systems into one place.|Easy‑to‑use web and mobile apps with filters for specialty, shift, contract length, and location.|Clinician Advocate support from real nurses to help candidates understand offers and navigate the process","Marketplace is crowded in popular specialties, so candidates may face strong competition for top‑paying assignments.|Best suited to travel and contract‑oriented clinicians; traditional long‑term staff roles are present but not the primary focus in some markets.","Nursing Jobs, Allied Health Jobs, Travel Nursing Jobs, Per Diem Nursing Jobs, Local Contract Healthcare Jobs, Healthcare Jobs Marketplace, Transparent Pay Healthcare, US Healthcare Staffing, Hospital And Clinic Jobs, Nurse Staffing Platform",,,"Vivian Health is a digital job marketplace built specifically for healthcare professionals, with a strong focus on nurses, therapists, and allied health roles. The platform aggregates thousands of staff, travel, per diem, and local contract jobs from hundreds of staffing agencies and healthcare systems across the United States. One of Vivian’s biggest differentiators is transparent salary information: most listings show pay ranges upfront, helping clinicians quickly compare offers by rate, location, and setting. Clinicians can create a profile, set preferences, and use Vivian’s web and mobile apps to browse jobs by specialty, shift type, contract length, and state or city. The marketplace spans 100+ specialties across nursing, therapy, imaging, lab, and other allied roles, and includes dedicated tools to track applications and pay trends. Vivian also provides a Clinician Advocate team made up of actual nurses who help candidates interpret offers, highlight their experience, and navigate the hiring process faster. For employers and staffing agencies, Vivian Health operates as a high‑intent healthcare talent marketplace. Organizations can post jobs, access a large pool of 1.9M+ clinicians, and use AI‑driven matching to reduce time‑to‑hire, especially in travel nursing and critical allied roles. Vivian generates revenue primarily through employer subscriptions, pay‑per‑application, and transaction‑based models, positioning itself as a scalable alternative to traditional nurse and allied job boards.",https://ksfidkucspvcnicgjykt.supabase.co/storage/v1/object/public/uploads/logos/2e8e7413-9548-4952-93ac-1c1e797158f4.jpg
Wall Street Oasis Jobs,wall-street-oasis-jobs,https://www.wallstreetoasis.com/jobs,Finance & Accounting,Free for job seekers,not_sure,"Finance-focused community with integrated job board. Popular for IB, PE, and hedge fund roles.",,,,,,,https://logo.clearbit.com/wallstreetoasis.com
We Work Remotely,we-work-remotely,https://weworkremotely.com,Remote & Flexible Work,Free for job seekers; Employer plans from $299,not_sure,One of the largest remote-only job boards. Companies listed are genuinely committed to remote-first culture.,,,,,,,https://logo.clearbit.com/weworkremotely.com
Wellfound (AngelList),wellfound,https://www.wellfound.com,Technology & Engineering,Free for job seekers; Employer plans vary,not_sure,Startup-focused job board where candidates can apply directly to founders. Strong in tech and VC-backed companies.,,,,,,,https://logo.clearbit.com/wellfound.com
Work for Good,work-for-good,https://www.workforgood.org,Nonprofit & Government,Free for job seekers,not_sure,Nonprofit job board focused on mission-driven organizations across the US.,,,,,,,https://logo.clearbit.com/workforgood.org
WorkInLogistics.com,workinlogistics,https://www.workinlogistics.com,Logistics & Supply Chain,Free for job seekers,not_sure,"US-focused logistics and transportation job board covering drivers, dispatchers, and operations roles.",,,,,,,https://logo.clearbit.com/workinlogistics.com
WorkInSports,workinsports,https://www.workinsports.com,"Sports, Hospitality & Retail",Free basic; Premium plans available,not_sure,"Career platform for sports industry professionals. Covers marketing, operations, and management roles.",,,,,,,https://logo.clearbit.com/workinsports.com
Y Combinator Jobs,y-combinator-jobs,https://www.ycombinator.com/jobs,Startups & Tech,"100% free. No account required, no sign‑up, no paid tier. Browse, filter, and click through to company career pages at no cost. || This is a curated aggregator, not a traditional job board. Employers cannot post jobs directly, purchase placements, or manage listings. Jobs appear based on the site's independent curation and scraping process.",not_sure,"YCombinatorJobs is an independent, community‑built aggregator of startup jobs from YC companies and top tech startups, offering free access with no sign‑up required.","No sign‑up or account needed – Just visit the site and start browsing. Zero friction.|Completely free for everyone – No premium tier, no paywalls, no hidden costs.|Clean, focused interface – Simple role, location, and level filters without clutter.|Includes India and global startups – Not just US‑centric; covers companies like Flipkart, Meesho, Razorpay, Zepto, and more.|Curated from multiple sources – Aggregates from YC, LinkedIn, company career pages, and other platforms into one place.","Not affiliated with Y Combinator – It's a third‑party site; jobs are scraped/curated, not officially posted.|No application functionality – It redirects you to the company's own career page; no built‑in apply or tracking.|No employer tools – You can't post jobs, manage candidates, or get analytics as an employer.|Limited depth of listings – Not as comprehensive as bigger boards; more of a curated highlight reel than a full database.","Startup Job Board, Startup Jobs Aggregator, Tech Startup Jobs, Engineering Jobs, Product Jobs, Free Job Board, No Signup Job Board, Early-Stage Startup Hiring, Series A Jobs, Series B Jobs, India Startup Jobs, Global Tech Jobs, Curated Startup Listings, YC Company Jobs, Startup Career Portal",,,"YCombinatorJobs (ycombinatorjobs.com) is an unofficial, independent job aggregator that collects and curates startup job listings from Y Combinator companies and other well‑funded tech startups. It is not affiliated with Y Combinator itself — it's a third‑party site built by a startup founder who was frustrated by how scattered startup job information was online. For job seekers, the value proposition is simple: free, no‑account access to curated startup jobs in one place. You don't need to sign up, create a profile, or pay anything. Jobs are categorized by role (engineering, product, design, sales, marketing, data, operations), location (including India-specific listings like Flipkart, Meesho, Razorpay, Zepto), and seniority level. Most listings link directly to the company's own careers page — it's essentially a curated directory with links, not an application portal. This makes it ideal if you want to quickly scan what's open across the startup ecosystem without going through a single platform's application flow. For employers and staffing agencies, YCombinatorJobs is primarily a visibility channel, not a recruiting system. The founder behind the site says he curates listings based on ""where the best talent already is"" — focusing on Series A–B companies and larger startups that are actively hiring. His goal is to reduce the friction of job searching, not to build a traditional job board with employer accounts, ATS, or payment models. If you're a startup and your jobs appear here, it's because they've been scraped or curated into the site — there's no paid posting option. In practice, from a recruitment standpoint, YCombinatorJobs fills a specific gap: it's a lightweight, free, no‑signup directory for people who want to explore startup job options quickly — especially early engineers, product folks, and operators looking at Series A–B stage companies. It's not a replacement for LinkedIn, Indeed, or the official YC Work at a Startup platform, but it's a useful supplement, particularly for candidates in India and globally who want a quick view of where the action is.",https://ksfidkucspvcnicgjykt.supabase.co/storage/v1/object/public/uploads/logos/95342fab-3a67-4881-b54d-0cafabe7e68d.jpg
ZipRecruiter,ziprecruiter,https://www.ziprecruiter.com,General,"Free for Jobseekers. || ZipRecruiter uses a monthly subscription model. There is no long‑term contract, and you can cancel anytime. Free Trial 4‑day free trial to test the platform before committing. No credit card required to start. Daily Plans (per active job post): Basic Job Post: ~$24/day Premium Job Post: ~$35/day Professional Job Post: ~$45/day Monthly Subscription Plans: Standard: ~$399/month – AI matching, wide distribution, 5 job slots, email alerts Premium: ~$519/month – Adds resume database access, enhanced matching, better visibility Pro: ~$899/month – TrafficBoost (priority placement), multi‑user collaboration, ATS integrations, unlimited resume access Note: Pricing can vary based on location, industry, and company size. Annual subscriptions typically come at a discount.",no,"ZipRecruiter is an AI‑powered hiring platform that distributes job posts to 100+ sites, offers free access for candidates, and charges employers monthly subscriptions.","AI‑powered candidate matching – The platform proactively finds and invites qualified candidates instead of just waiting for applications.|100+ job board distribution – One post goes live across hundreds of partner sites, including Google for Jobs, career pages, and niche boards.|Free for job seekers – No cost to search, apply, set alerts, or use the mobile app.|Built‑in ATS – Manage the full hiring pipeline from one dashboard without needing separate software.|Fast results – 4 out of 5 employers report getting a quality candidate on the first day.|No contract required – Monthly subscriptions can be cancelled anytime; no long‑term commitment.","Can get expensive for multiple roles – Monthly plans range from $399–$899, and daily plans add up fast if you run many jobs simultaneously.|Resume database limited by plan – Full resume access is only available on Premium and Pro tiers.|Not ideal for niche or executive roles – AI matching works best for common, mid‑skill roles; specialized positions may need manual sourcing.|Some users report unclear pricing – Exact costs can vary by industry and geography, and some employers mention unexpected charges.","AI Hiring Platform, Job Board And ATS, Pay-Per-Click Job Ads, Free For Candidates, Resume Database, High-Volume Hiring, Staffing Agencies, In-House Recruiters, Hourly Jobs, Corporate Jobs, Healthcare Support Jobs, Customer Service Jobs, IT And Admin Jobs, Job Syndication, Monthly Subscription Job Board",,,"ZipRecruiter is a performance‑focused hiring platform that combines job posting, AI‑driven candidate matching, and an applicant tracking system. Employers post a job once, and ZipRecruiter distributes it to over 100 partner job boards, social networks, and search engines automatically — giving broad reach without manually posting everywhere. For job seekers, ZipRecruiter is 100% free. You can search millions of jobs, create a profile, upload your resume, and apply with one click. The platform sends email and push‑notification alerts for matching roles, and its mobile app lets you apply on the go. Since 4 out of 5 employers report getting a quality candidate on day one, the platform tends to have active, high‑volume listings — especially for mid‑skill, hourly, and general corporate roles. For staffing agencies and in‑house recruiters, ZipRecruiter is a ""post and let the AI do the rest"" solution. Its standout feature is the AI matching engine, which proactively scans millions of resumes and invites qualified candidates to apply — essentially acting as a virtual recruiter. You get a built‑in ATS to manage applications, track pipelines, and communicate with candidates all from one dashboard. The platform also offers resume database access (on Premium and Pro plans) and TrafficBoost tools to push your listing to the top of search results. In practice, ZipRecruiter shines for small to mid‑sized businesses and staffing agencies that need to fill roles quickly without building complex sourcing campaigns. It's less ideal for highly specialized, senior, or executive roles where the AI matching can miss nuanced fit criteria. But for high‑volume hiring — retail, warehouse, healthcare support, customer service, general IT, and admin roles — it's one of the fastest ways to get qualified applicants in the door.",https://ksfidkucspvcnicgjykt.supabase.co/storage/v1/object/public/uploads/logos/68909508-4893-4688-a7ec-e99feffdc976.jpg